source,target_1,target_2,target_3,target_4,target_5,target_6,target_7,target_8,target_9,target_10,target_11,target_12
i0,i1869,i714,i1420,i1521,i274,,,,,,,
i1,i1230,i704,i1378,,,,,,,,,
i2,i1815,i1073,,,,,,,,,,
i3,i172,i1243,i1076,i573,i178,i1732,i1071,i1790,i543,,,
i4,i775,i1006,i272,i1684,,,,,,,,
i5,i1450,i1520,i1961,i655,i1239,,,,,,,
i6,i859,,,,,,,,,,,
i7,i1421,i472,i1413,i126,i733,,,,,,,
i8,i1906,i577,i1169,i978,i1629,,,,,,,
i9,i281,i1572,i1264,,,,,,,,,
i10,i308,i1424,i1339,i1387,,,,,,,,
i11,i856,i1474,,,,,,,,,,
i12,i357,i831,i467,i496,,,,,,,,
i13,i1930,i1547,i1649,i1279,,,,,,,,
i14,i1558,i444,i1461,i103,i1945,i1695,i1189,i901,i1004,i45,,
i15,i1889,i976,i418,i1396,i1522,,,,,,,
i16,i776,i647,i1787,,,,,,,,,
i17,i1318,i916,i55,i821,,,,,,,,
i18,,,,,,,,,,,,
i19,i1343,i1392,i896,i598,,,,,,,,
i20,i1026,i1811,,,,,,,,,,
i21,i693,,,,,,,,,,,
i22,i83,i120,i571,i1862,,,,,,,,
i23,i1957,i791,,,,,,,,,,
i24,i1455,i679,i525,i1705,,,,,,,,
i25,i294,i1595,,,,,,,,,,
i26,i92,i149,i183,,,,,,,,,
i27,i1661,i1320,i1864,i79,i1767,,,,,,,
i28,i644,i1222,i671,i1511,,,,,,,,
i29,i1104,i481,i108,i1671,,,,,,,,
i30,i1614,i1467,,,,,,,,,,
i31,i885,i39,i1759,,,,,,,,,
i32,i1227,i461,i415,,,,,,,,,
i33,i898,i646,i1203,,,,,,,,,
i34,i964,i1660,i1849,i1939,i341,i242,i509,,,,,
i35,i814,i395,i618,,,,,,,,,
i36,i833,i524,i991,i1357,i1190,,,,,,,
i37,i256,i1005,,,,,,,,,,
i38,i527,i1410,i78,i411,,,,,,,,
i39,i1759,i31,i885,i314,,,,,,,,
i40,i1597,i1711,i137,i182,i1959,,,,,,,
i41,i581,i561,i1821,i697,i1471,,,,,,,
i42,i1160,i1283,i119,,,,,,,,,
i43,i1941,i838,i1103,i1534,i753,i304,i888,i1352,i1044,i491,i504,
i44,i234,,,,,,,,,,,
i45,i1581,i1558,i444,i1461,i1695,i1189,i901,i14,i1004,,,
i46,i772,i1907,i595,i673,i588,i1294,i711,i1012,,,,
i47,i835,,,,,,,,,,,
i48,i93,i1992,i1982,i727,,,,,,,,
i49,i1815,i758,i1100,i170,,,,,,,,
i50,i301,,,,,,,,,,,
i51,i1162,i1089,,,,,,,,,,
i52,i1506,i58,i919,,,,,,,,,
i53,i126,i1694,i450,i1908,i1080,i72,,,,,,
i54,i80,i432,i422,i206,,,,,,,,
i55,i916,i1413,i17,i821,i1318,,,,,,,
i56,i608,i1102,i1838,i296,,,,,,,,
i57,i1972,i463,i269,i1308,,,,,,,,
i58,i1573,i430,i1611,i52,i919,i1506,,,,,,
i59,i1557,i248,i238,i747,i517,i641,,,,,,
i60,i1897,i653,i1218,,,,,,,,,
i61,i1644,i853,i1298,,,,,,,,,
i62,i451,i1048,,,,,,,,,,
i63,i1980,i1054,i131,i880,i1293,i1512,,,,,,
i64,i1481,i1231,i1244,i1491,,,,,,,,
i65,i1599,i921,i492,i276,i1554,,,,,,,
i66,i1216,i1234,i1313,,,,,,,,,
i67,i656,i950,i1745,,,,,,,,,
i68,i482,i1859,i1028,,,,,,,,,
i69,i313,i1211,i1796,i1074,i1515,,,,,,,
i70,i1178,i739,i784,i1151,i634,i984,i843,i613,i372,,,
i71,i1739,i1454,i1267,i1691,,,,,,,,
i72,i450,i1967,i53,,,,,,,,,
i73,i1776,i1084,i161,i138,,,,,,,,
i74,i690,,,,,,,,,,,
i75,i147,i356,i954,i1738,i1309,i1953,,,,,,
i76,i335,i1260,i1199,,,,,,,,,
i77,i520,i103,i995,,,,,,,,,
i78,i411,i38,i527,i1099,i1410,,,,,,,
i79,i1567,i1864,i27,i1748,i1320,,,,,,,
i80,i486,i1108,i54,i1100,i1486,i432,i1289,,,,,
i81,i1997,i720,i962,i485,i969,,,,,,,
i82,i606,,,,,,,,,,,
i83,i22,i120,i571,i1862,,,,,,,,
i84,i985,i445,i1734,i159,i1204,i1809,i631,i1072,i532,,,
i85,i1229,i607,i760,i278,i1669,,,,,,,
i86,i1479,i1094,i390,,,,,,,,,
i87,i1170,i721,,,,,,,,,,
i88,i738,,,,,,,,,,,
i89,i1212,i510,i761,i1143,i867,,,,,,,
i90,i781,i1798,i1263,,,,,,,,,
i91,i1883,i1477,,,,,,,,,,
i92,i26,i149,i183,,,,,,,,,
i93,i1992,i48,i273,,,,,,,,,
i94,i866,i185,i651,,,,,,,,,
i95,i1590,i1524,i1944,i1891,i173,,,,,,,
i96,i1774,i884,i1747,i194,i130,i627,,,,,,
i97,i1238,i759,i1949,i957,,,,,,,,
i98,i1154,i1077,i1806,i122,,,,,,,,
i99,i1144,i1577,i368,i731,,,,,,,,
i100,i976,i418,i1090,i1889,i1480,,,,,,,
i101,i1983,i1003,i1086,,,,,,,,,
i102,i207,i1011,i1666,i1436,i860,i1900,i267,i610,,,,
i103,i901,i14,i1695,i77,i594,i1189,i1004,i1945,,,,
i104,i736,i218,,,,,,,,,,
i105,i1463,i861,i1369,i1725,,,,,,,,
i106,i848,i548,,,,,,,,,,
i107,i1742,i1567,i1864,i1320,i1748,,,,,,,
i108,i236,i402,i1936,i481,i29,i1444,i1390,,,,,
i109,i827,i1602,i796,i1394,,,,,,,,
i110,i278,i1027,i138,,,,,,,,,
i111,i359,i1276,i750,i233,,,,,,,,
i112,i200,i1072,i1094,i1297,,,,,,,,
i113,i1285,i1407,i1359,i920,,,,,,,,
i114,i1010,i195,,,,,,,,,,
i115,i1828,i1684,i555,i1006,i775,,,,,,,
i116,i672,i1267,i530,i1635,i223,,,,,,,
i117,i1714,i1792,i315,i1904,,,,,,,,
i118,i1730,i286,,,,,,,,,,
i119,i370,i1675,i42,i1283,,,,,,,,
i120,i571,i22,i83,i1862,,,,,,,,
i121,i718,i1176,i1208,,,,,,,,,
i122,i1077,i1806,i1662,i386,i322,i98,,,,,,
i123,i329,i980,i1282,i337,i1449,i547,i1816,,,,,
i124,i640,i1081,i1532,i751,i1425,i1361,i369,,,,,
i125,i1324,i688,i932,i779,,,,,,,,
i126,i53,i450,i1421,i1080,i7,i472,,,,,,
i127,i1501,i754,i819,i777,i1375,i945,i846,i1232,i773,i586,,
i128,i811,i1796,i584,,,,,,,,,
i129,i1401,i136,i224,i410,i1977,i1462,i1231,i1584,,,,
i130,i1747,i1950,i1612,i96,i269,i884,,,,,,
i131,i1512,i765,i63,i1980,,,,,,,,
i132,i1262,i1781,i1879,,,,,,,,,
i133,i1800,i891,i526,i794,i154,i664,,,,,,
i134,i362,i309,,,,,,,,,,
i135,i140,i1970,i1852,,,,,,,,,
i136,i1977,i1845,i1462,i129,i410,i1401,i224,,,,,
i137,i680,i1711,i40,,,,,,,,,
i138,i110,i1084,i73,,,,,,,,,
i139,i1173,,,,,,,,,,,
i140,i135,i217,,,,,,,,,,
i141,i870,i929,,,,,,,,,,
i142,i1312,i844,i1737,i699,i1736,i547,,,,,,
i143,i1721,i316,,,,,,,,,,
i144,i1031,i1616,i1704,,,,,,,,,
i145,i1348,i1568,i1395,i1180,,,,,,,,
i146,i180,i1508,i1107,,,,,,,,,
i147,i75,i1738,i426,i1309,,,,,,,,
i148,i1727,i490,i1782,,,,,,,,,
i149,i229,i92,i26,i1910,,,,,,,,
i150,i1363,i1785,i836,i201,,,,,,,,
i151,i1946,i1275,i737,,,,,,,,,
i152,i1106,i1000,i944,i1035,i1783,i1624,,,,,,
i153,i1452,i266,i1261,,,,,,,,,
i154,i526,i1389,i826,i1356,i664,i1800,i133,i891,,,,
i155,i1255,i488,i568,,,,,,,,,
i156,,,,,,,,,,,,
i157,i186,i1619,i643,i1667,i1043,,,,,,,
i158,i1952,i423,i533,i416,i1464,,,,,,,
i159,i84,i1072,i1734,,,,,,,,,
i160,i744,i910,i778,i338,i1859,i441,i251,i914,,,,
i161,i1776,i1496,i73,,,,,,,,,
i162,i1139,i281,i1572,i748,,,,,,,,
i163,i583,i1819,i247,,,,,,,,,
i164,i1810,i409,i1733,i349,i1418,i1490,,,,,,
i165,i989,i221,,,,,,,,,,
i166,i216,i1288,i473,i508,i1909,,,,,,,
i167,i384,i626,i1244,,,,,,,,,
i168,i1872,i566,,,,,,,,,,
i169,i1209,i685,i1116,i1382,,,,,,,,
i170,i1445,i424,i49,i921,i878,,,,,,,
i171,i394,i1673,i1093,i1606,i725,,,,,,,
i172,i1243,i353,i3,i178,i1071,i1790,i1076,i966,,,,
i173,i1665,i1863,i1590,i1944,i95,i1030,i803,,,,,
i174,i1503,i1228,,,,,,,,,,
i175,i388,i1758,i1528,,,,,,,,,
i176,i1224,i939,i244,i600,i1866,i1715,,,,,,
i177,i984,i1638,i682,i364,,,,,,,,
i178,i1732,i1071,i573,i172,i1790,i1076,i966,i3,i628,i1243,i320,
i179,i909,i968,,,,,,,,,,
i180,i146,i468,,,,,,,,,,
i181,i1604,i1256,i1390,i882,,,,,,,,
i182,i1959,i1428,i239,i40,i1711,,,,,,,
i183,i92,i26,,,,,,,,,,
i184,i662,,,,,,,,,,,
i185,i866,i651,i94,i841,,,,,,,,
i186,i157,i1619,,,,,,,,,,
i187,i1617,i619,,,,,,,,,,
i188,i295,i497,i1799,i1602,,,,,,,,
i189,i585,i1510,i1791,i812,,,,,,,,
i190,i1544,i1693,,,,,,,,,,
i191,i310,i1887,i908,i665,i782,,,,,,,
i192,i593,,,,,,,,,,,
i193,i1217,,,,,,,,,,,
i194,i460,i96,i1774,i627,,,,,,,,
i195,i114,i1296,i1010,i1705,,,,,,,,
i196,i1218,i1582,i1851,i1807,i232,i653,,,,,,
i197,i1292,i964,i1660,i341,,,,,,,,
i198,i1784,,,,,,,,,,,
i199,i1735,i568,i1255,i874,,,,,,,,
i200,i112,i1072,i1297,,,,,,,,,
i201,i1211,i1074,i150,,,,,,,,,
i202,i789,i856,,,,,,,,,,
i203,i1036,i470,,,,,,,,,,
i204,i1073,,,,,,,,,,,
i205,i1920,i521,i1679,i1417,i1903,i1884,,,,,,
i206,i432,i422,i1713,i54,,,,,,,,
i207,i102,i860,i277,i1278,i1666,i321,i1436,i1011,,,,
i208,i707,i558,i1475,i552,,,,,,,,
i209,i276,i1830,i973,,,,,,,,,
i210,i742,i1075,i324,i1640,i1587,,,,,,,
i211,i602,i1603,i1726,,,,,,,,,
i212,i1200,i1097,i1708,,,,,,,,,
i213,i1824,i892,i1257,i828,i1458,,,,,,,
i214,i1627,i745,i1882,,,,,,,,,
i215,i1757,,,,,,,,,,,
i216,i1637,i166,i1288,i473,i1909,i508,,,,,,
i217,i860,i1900,i140,,,,,,,,,
i218,i104,i736,i234,,,,,,,,,
i219,i1910,,,,,,,,,,,
i220,i549,i1091,i1686,i697,i951,,,,,,,
i221,i1840,i989,i165,,,,,,,,,
i222,i993,i1868,i1507,i1277,,,,,,,,
i223,i780,i672,i299,i116,,,,,,,,
i224,i1401,i1845,i129,i136,i410,,,,,,,
i225,i1405,i834,,,,,,,,,,
i226,i1455,i762,i734,i403,i380,i679,,,,,,
i227,i1987,i434,i1583,i591,i1970,i648,i1291,,,,,
i228,i1028,i311,i1105,i743,,,,,,,,
i229,i725,i149,i1910,,,,,,,,,
i230,i1132,i1905,i981,,,,,,,,,
i231,i1932,i1650,i701,i1109,i1618,,,,,,,
i232,i1596,i1807,i1851,i196,i1582,,,,,,,
i233,i1380,i1021,i359,i1276,i111,,,,,,,
i234,i218,i1712,i44,,,,,,,,,
i235,i1793,i1916,i1841,i1336,,,,,,,,
i236,i1763,i108,i1444,i501,i481,i402,i1936,,,,,
i237,i938,i375,i676,i1913,,,,,,,,
i238,i248,i440,i641,i59,,,,,,,,
i239,i182,i1643,i1449,i689,i502,i980,,,,,,
i240,i1040,,,,,,,,,,,
i241,i1216,i1146,i1234,,,,,,,,,
i242,i1939,i630,i534,i864,i1129,i34,i1849,i1223,,,,
i243,i1413,i1318,,,,,,,,,,
i244,i1866,i176,i600,i1715,i1224,,,,,,,
i245,i1556,i872,i1699,i1920,i1417,i1683,i298,,,,,
i246,i512,i1805,i349,,,,,,,,,
i247,i1819,i431,i163,i730,,,,,,,,
i248,i238,i59,i747,i517,i641,i1557,,,,,,
i249,i429,i1776,i1184,,,,,,,,,
i250,i1201,i428,i1134,i1489,i1117,i1593,i447,i437,,,,
i251,i914,i338,i160,i910,i778,,,,,,,
i252,i1360,i869,i1487,,,,,,,,,
i253,i285,i1724,,,,,,,,,,
i254,i1704,i1969,i453,i1207,,,,,,,,
i255,i1709,i1370,i1890,i1700,i1175,i745,i460,,,,,
i256,i37,i1005,,,,,,,,,,
i257,i947,i880,i507,i1293,i1901,i1999,i1054,,,,,
i258,i1403,,,,,,,,,,,
i259,i1290,,,,,,,,,,,
i260,i1588,i1956,i327,i990,i669,i1168,,,,,,
i261,i1494,i1341,,,,,,,,,,
i262,i339,i1761,i366,,,,,,,,,
i263,i306,,,,,,,,,,,
i264,i895,i1794,i1542,,,,,,,,,
i265,i318,,,,,,,,,,,
i266,i1261,i153,i1452,,,,,,,,,
i267,i860,i1900,i610,i102,,,,,,,,
i268,i489,i1092,,,,,,,,,,
i269,i463,i57,i592,i130,,,,,,,,
i270,i511,i1625,,,,,,,,,,
i271,i1384,i705,i927,,,,,,,,,
i272,i775,i1006,i1684,i4,,,,,,,,
i273,i904,i1161,i93,i1992,,,,,,,,
i274,i1847,i304,i0,i1521,,,,,,,,
i275,i1003,i1457,i1766,,,,,,,,,
i276,i209,i612,i65,,,,,,,,,
i277,i1666,i321,i1492,i207,i860,,,,,,,
i278,i110,i1307,i85,i1626,,,,,,,,
i279,i1337,i1164,i603,i1646,,,,,,,,
i280,i1492,i1881,i1059,,,,,,,,,
i281,i1572,i1264,i748,i979,i162,i9,i1139,,,,,
i282,i732,i1552,i816,i1182,i521,,,,,,,
i283,i1194,i1789,,,,,,,,,,
i284,i1037,i1184,i1119,,,,,,,,,
i285,i863,i253,i1670,i1045,i1724,,,,,,,
i286,i926,i300,i118,i997,i1306,,,,,,,
i287,i1871,i1764,i999,i1783,,,,,,,,
i288,i401,i1454,,,,,,,,,,
i289,i474,i1710,i620,i537,i327,,,,,,,
i290,i1055,i1946,i1638,i1958,i479,i1067,,,,,,
i291,i553,i366,i853,i1548,i1979,i1298,i1761,,,,,
i292,i1601,i1947,i1914,i715,,,,,,,,
i293,i731,i1560,i684,i1577,,,,,,,,
i294,i25,i383,i1595,,,,,,,,,
i295,i188,i497,i441,,,,,,,,,
i296,i487,i1408,i835,i1102,i56,,,,,,,
i297,i1365,i1731,i1278,,,,,,,,,
i298,i1683,i1417,i1920,i1556,i872,i1699,i245,,,,,
i299,i223,i780,i672,,,,,,,,,
i300,i926,i286,i1301,i997,i1306,,,,,,,
i301,i1212,i50,,,,,,,,,,
i302,i1551,,,,,,,,,,,
i303,,,,,,,,,,,,
i304,i504,i1429,i838,i1103,i1534,i274,i43,i753,i888,,,
i305,i1897,i1254,,,,,,,,,,
i306,i1994,i936,i263,i1580,i1756,,,,,,,
i307,i599,i1342,,,,,,,,,,
i308,i10,i1339,i1387,,,,,,,,,
i309,i134,i696,i1029,i362,,,,,,,,
i310,i1887,i191,i665,i1648,i908,,,,,,,
i311,i1105,i228,i1028,i743,,,,,,,,
i312,i1937,i1245,i1995,i817,i1325,,,,,,,
i313,i1515,i69,i1074,i811,i1796,,,,,,,
i314,i1954,i632,i39,,,,,,,,,
i315,i1714,i1792,i117,i695,i541,,,,,,,
i316,i864,i1721,i143,,,,,,,,,
i317,i1675,i1283,,,,,,,,,,
i318,i265,i958,i1488,i1225,,,,,,,,
i319,i374,i1069,i455,i389,i1837,,,,,,,
i320,i1858,i1323,i573,i628,i840,i1732,i178,,,,,
i321,i277,i207,i1666,i1492,,,,,,,,
i322,i1077,i779,i1662,i932,i122,,,,,,,
i323,i1015,i1269,i1589,,,,,,,,,
i324,i210,i1406,i1075,i1266,i1640,i1918,i1587,,,,,
i325,i1364,,,,,,,,,,,
i326,i377,,,,,,,,,,,
i327,i474,i1710,i260,i1588,i289,,,,,,,
i328,i620,i537,i1974,i1784,,,,,,,,
i329,i1282,i1514,i123,i699,i547,i1165,i1816,i337,i844,,,
i330,i1505,i559,i1322,i1690,i345,,,,,,,
i331,i1142,i881,i1973,i638,i1842,i1170,,,,,,
i332,i1403,i1141,i1605,i1894,i1645,i963,,,,,,
i333,,,,,,,,,,,,
i334,i1472,i1948,i1438,,,,,,,,,
i335,i1341,i76,i1199,i1095,,,,,,,,
i336,i1517,,,,,,,,,,,
i337,i547,i1165,i1816,i844,i329,i1844,i123,i1282,i1514,,,
i338,i251,i160,i910,i778,i914,,,,,,,
i339,i262,,,,,,,,,,,
i340,i1291,i1987,i1970,,,,,,,,,
i341,i1292,i509,i964,i34,i1660,i1849,i197,,,,,
i342,i1398,i1391,i539,,,,,,,,,
i343,i1975,,,,,,,,,,,
i344,i873,i1281,i730,,,,,,,,,
i345,i1297,i1505,i559,i1322,i330,,,,,,,
i346,i350,i1895,,,,,,,,,,
i347,i956,i1770,i723,,,,,,,,,
i348,,,,,,,,,,,,
i349,i512,i246,i164,i948,,,,,,,,
i350,i1895,i346,i375,,,,,,,,,
i351,i612,i582,i1972,i463,i575,,,,,,,
i352,i459,,,,,,,,,,,
i353,i172,,,,,,,,,,,
i354,i1841,,,,,,,,,,,
i355,i1585,,,,,,,,,,,
i356,i1738,i1309,i75,i972,i1953,i954,,,,,,
i357,i12,,,,,,,,,,,
i358,i1132,i1598,,,,,,,,,,
i359,i1276,i233,i111,i750,,,,,,,,
i360,i1270,i480,i1317,i1153,i1687,i1762,,,,,,
i361,i1411,i871,i1535,i654,i1443,,,,,,,
i362,i1174,i134,i1064,i696,i1566,i309,,,,,,
i363,i720,i969,i1423,,,,,,,,,
i364,i682,i984,i177,,,,,,,,,
i365,i1120,i1848,i1147,i1039,i1657,,,,,,,
i366,i1979,i291,i1761,i553,i262,,,,,,,
i367,i1630,i1213,,,,,,,,,,
i368,i702,i1144,i928,i99,,,,,,,,
i369,i1081,i751,i1425,i124,,,,,,,,
i370,i119,,,,,,,,,,,
i371,,,,,,,,,,,,
i372,i737,i1178,i739,i1955,i634,i843,i913,i70,,,,
i373,i1561,i518,i1016,,,,,,,,,
i374,i319,i675,i389,i788,i1340,i1495,i1069,i551,,,,
i375,i938,i237,i350,i1913,i1609,,,,,,,
i376,,,,,,,,,,,,
i377,i326,,,,,,,,,,,
i378,i1204,i1961,i631,i1072,,,,,,,,
i379,i500,i451,i509,,,,,,,,,
i380,i679,i734,i226,i1455,i762,,,,,,,
i381,i458,i716,i1852,i1302,i1988,,,,,,,
i382,i1802,,,,,,,,,,,
i383,i294,i1595,,,,,,,,,,
i384,i626,i1244,i167,i1491,,,,,,,,
i385,i1176,,,,,,,,,,,
i386,i1077,i1662,i1321,i122,,,,,,,,
i387,,,,,,,,,,,,
i388,i175,i1758,i1528,,,,,,,,,
i389,i1136,i374,i455,i788,i319,i1069,,,,,,
i390,i540,i1479,i1094,i86,,,,,,,,
i391,i968,,,,,,,,,,,
i392,i436,i635,,,,,,,,,,
i393,i1426,i1795,,,,,,,,,,
i394,i171,i1093,i725,i1673,i1606,,,,,,,
i395,i35,i814,i1832,i618,,,,,,,,
i396,i996,i1827,i1468,,,,,,,,,
i397,i1676,i550,i1721,i522,,,,,,,,
i398,i955,i1902,i716,i1896,i1302,,,,,,,
i399,i1573,i1923,,,,,,,,,,
i400,i1542,,,,,,,,,,,
i401,i535,i1188,i288,i639,,,,,,,,
i402,i481,i1763,i1444,i108,i501,i236,,,,,,
i403,i762,i226,i1041,i679,,,,,,,,
i404,i1358,i1033,i629,,,,,,,,,
i405,i1726,,,,,,,,,,,
i406,i672,,,,,,,,,,,
i407,i1964,i1002,i432,i575,i486,,,,,,,
i408,i1775,i839,i1247,i1770,,,,,,,,
i409,i1810,i164,i1539,i1490,,,,,,,,
i410,i1401,i129,i1977,i1845,i1462,i136,i224,,,,,
i411,i78,i38,i527,i1410,,,,,,,,
i412,i1348,,,,,,,,,,,
i413,i741,i1303,i1991,i1927,i1465,,,,,,,
i414,i524,i991,i1112,i1850,i1082,,,,,,,
i415,i461,i32,i1227,,,,,,,,,
i416,i1300,i1952,i158,i423,i533,,,,,,,
i417,i1752,i861,i1369,i1912,,,,,,,,
i418,i1396,i976,i100,i1522,i15,i1889,,,,,,
i419,i1430,i1007,i1206,,,,,,,,,
i420,i661,i1729,,,,,,,,,,
i421,i1317,i1153,i1687,,,,,,,,,
i422,i1002,i432,i1713,i206,i54,,,,,,,
i423,i158,i533,i416,i1952,i1300,,,,,,,
i424,i1445,i1867,i921,i878,i170,,,,,,,
i425,i987,i1562,i759,,,,,,,,,
i426,i1537,i147,i1545,,,,,,,,,
i427,i970,i1415,i1993,i1543,,,,,,,,
i428,i1593,i250,i447,i437,i1134,i1489,i1201,i1117,,,,
i429,i1119,i1184,i249,i1037,,,,,,,,
i430,i1573,i58,,,,,,,,,,
i431,i1606,i1673,i247,,,,,,,,,
i432,i407,i422,i206,i1002,i54,i486,i80,,,,,
i433,i1377,i1702,,,,,,,,,,
i434,i227,i1210,i1291,i787,i1987,i1437,i1329,i1583,,,,
i435,i1148,,,,,,,,,,,
i436,i392,i635,,,,,,,,,,
i437,i428,i1134,i1489,i250,i1593,,,,,,,
i438,i643,i1957,i572,,,,,,,,,
i439,,,,,,,,,,,,
i440,i238,i636,,,,,,,,,,
i441,i295,i160,i482,i1859,,,,,,,,
i442,,,,,,,,,,,,
i443,i1432,,,,,,,,,,,
i444,i14,i45,i1558,i1461,i1004,,,,,,,
i445,i84,i1843,i1204,i1809,i631,,,,,,,
i446,,,,,,,,,,,,
i447,i428,i1201,i1117,i455,i1295,i250,,,,,,
i448,i1825,i1198,i1720,i1061,,,,,,,,
i449,i1221,i1368,i810,,,,,,,,,
i450,i472,i126,i72,i53,i1080,,,,,,,
i451,i767,i379,i1048,i62,,,,,,,,
i452,i1001,,,,,,,,,,,
i453,i254,i1031,i1616,i1207,i1704,i1969,,,,,,
i454,i1924,i1878,i825,,,,,,,,,
i455,i1201,i1117,i389,i319,i1295,i447,,,,,,
i456,i850,i709,i977,,,,,,,,,
i457,i1580,i1756,i1978,,,,,,,,,
i458,i381,i1852,i1988,,,,,,,,,
i459,i1496,i352,i608,,,,,,,,,
i460,i1370,i1890,i194,i255,i1774,,,,,,,
i461,i415,i32,i1227,,,,,,,,,
i462,i1803,,,,,,,,,,,
i463,i57,i351,i269,i582,,,,,,,,
i464,i1195,,,,,,,,,,,
i465,i776,,,,,,,,,,,
i466,i924,i812,i1510,i585,i941,,,,,,,
i467,i12,i496,i831,,,,,,,,,
i468,i180,i1634,i1893,,,,,,,,,
i469,i1525,,,,,,,,,,,
i470,i1036,i892,i1458,i1824,i1513,i203,,,,,,
i471,i814,i1828,,,,,,,,,,
i472,i7,i450,i1421,i1080,i733,i126,,,,,,
i473,i983,i1489,i1593,i166,i216,i1288,i1134,,,,,
i474,i327,i1710,i1722,i289,i620,,,,,,,
i475,i1703,,,,,,,,,,,
i476,i1549,i891,i1356,,,,,,,,,
i477,i1865,i1474,i1728,,,,,,,,,
i478,i665,i730,,,,,,,,,,
i479,i1638,i1067,i290,,,,,,,,,
i480,i1317,i1153,i360,i1737,,,,,,,,
i481,i402,i1936,i29,i108,i1444,i236,,,,,,
i482,i68,i1859,i441,,,,,,,,,
i483,i1985,i1634,i1273,,,,,,,,,
i484,i1442,i1046,i1248,i1138,i1259,,,,,,,
i485,i1058,i1997,i1820,i1469,i1060,i81,i969,,,,,
i486,i80,i1100,i1486,i1289,i1964,i432,i1108,i407,,,,
i487,i296,i1538,i858,i835,i1102,,,,,,,
i488,i595,i1255,i772,i1294,i711,i568,i155,i1012,,,,
i489,i268,i1092,i1986,,,,,,,,,
i490,i148,i1782,,,,,,,,,,
i491,i753,i1534,i908,i1429,i43,i1044,i504,,,,,
i492,i921,i65,i1476,i1599,i1964,,,,,,,
i493,i621,i996,,,,,,,,,,
i494,i1372,i1473,i570,i1623,,,,,,,,
i495,i1019,i756,i1214,,,,,,,,,
i496,i831,i467,i12,,,,,,,,,
i497,i295,i188,i1602,,,,,,,,,
i498,i1518,,,,,,,,,,,
i499,,,,,,,,,,,,
i500,i379,i767,i903,i509,i1631,,,,,,,
i501,i1763,i402,i236,,,,,,,,,
i502,i1597,i239,i1844,,,,,,,,,
i503,i1650,i1621,i1579,,,,,,,,,
i504,i304,i1941,i753,i838,i1103,i1534,i888,i1429,i1352,i43,i1044,i491
i505,i1921,i965,,,,,,,,,,
i506,i1689,i1647,i988,i915,,,,,,,,
i507,i771,i1293,i1999,i257,i1054,i880,,,,,,
i508,i1324,i1909,i166,i216,i1288,,,,,,,
i509,i964,i341,i500,i1849,i34,i379,,,,,,
i510,i89,i1143,i761,i1212,,,,,,,,
i511,i565,i931,i270,,,,,,,,,
i512,i246,i349,,,,,,,,,,
i513,i1345,i729,i1394,,,,,,,,,
i514,i1847,i649,,,,,,,,,,
i515,i766,i1596,,,,,,,,,,
i516,i574,i1159,i1701,i1778,,,,,,,,
i517,i1300,i747,i248,i641,i59,,,,,,,
i518,i640,i373,i1016,i1823,i1361,,,,,,,
i519,i1984,i674,i1615,,,,,,,,,
i520,i995,i77,,,,,,,,,,
i521,i1182,i1679,i205,i732,i282,i1552,,,,,,
i522,i550,i1676,i397,,,,,,,,,
i523,i1633,i1065,i848,,,,,,,,,
i524,i991,i1357,i414,i1190,i36,i833,i1850,,,,,
i525,i1296,i560,i1705,i24,,,,,,,,
i526,i664,i154,i133,i891,i1389,i826,i1800,,,,,
i527,i1410,i38,i78,i411,i1277,,,,,,,
i528,i1781,i933,i1101,,,,,,,,,
i529,i766,i1596,,,,,,,,,,
i530,i715,i1267,i116,i1635,i1914,,,,,,,
i531,i1123,i545,,,,,,,,,,
i532,i985,i1734,i1809,i84,,,,,,,,
i533,i1300,i158,i423,i416,,,,,,,,
i534,i242,i1939,i630,i864,,,,,,,,
i535,i1188,i401,i639,i1746,i1316,,,,,,,
i536,i988,i1409,i1689,i1327,i1032,,,,,,,
i537,i1710,i620,i328,i289,i1784,,,,,,,
i538,i1678,i1275,i1497,,,,,,,,,
i539,i1805,i1398,i342,i1391,,,,,,,,
i540,i390,i925,i1311,i1479,,,,,,,,
i541,i695,i832,i315,i1714,,,,,,,,
i542,i1856,i1551,i1412,,,,,,,,,
i543,i768,i3,,,,,,,,,,
i544,i613,i739,i660,i874,,,,,,,,
i545,i598,i531,,,,,,,,,,
i546,i1555,i1559,i1186,i1314,,,,,,,,
i547,i337,i844,i329,i1816,i1312,i142,i1282,i699,i123,,,
i548,i1257,i106,,,,,,,,,,
i549,i1686,i220,i1574,i1347,i951,,,,,,,
i550,i522,i397,,,,,,,,,,
i551,i675,i1495,i788,i1340,i374,,,,,,,
i552,i1475,i707,i558,i208,,,,,,,,
i553,i291,i1761,i1979,i366,,,,,,,,
i554,i1038,,,,,,,,,,,
i555,i1006,i115,i1828,,,,,,,,,
i556,i1021,i792,i992,,,,,,,,,
i557,i1453,i883,i1447,i687,i1571,i1155,,,,,,
i558,i1612,i1475,i208,i1950,i552,i707,,,,,,
i559,i1690,i345,i1505,i330,i1873,i1322,,,,,,
i560,i1705,i1296,i525,i1010,,,,,,,,
i561,i41,i1471,i1319,i581,i1821,i697,,,,,,
i562,i785,i1206,i1750,i1023,i1433,,,,,,,
i563,i1672,,,,,,,,,,,
i564,i1284,,,,,,,,,,,
i565,i511,i1400,i931,,,,,,,,,
i566,i1872,i168,,,,,,,,,,
i567,i701,i1880,,,,,,,,,,
i568,i199,i1294,i488,i1255,i155,,,,,,,
i569,i657,i1114,i1250,,,,,,,,,
i570,i1623,i494,i1372,,,,,,,,,
i571,i1862,i120,i22,i83,i1857,,,,,,,
i572,i1152,i438,,,,,,,,,,
i573,i628,i178,i840,i1732,i1071,i320,i1790,i3,i1243,i1858,i1076,i1323
i574,i1181,i516,,,,,,,,,,
i575,i407,i582,i351,,,,,,,,,
i576,i591,i648,i1763,,,,,,,,,
i577,i978,i8,,,,,,,,,,
i578,i1765,,,,,,,,,,,
i579,i1219,i1177,i1730,,,,,,,,,
i580,i1114,,,,,,,,,,,
i581,i41,i561,i1821,i697,i1471,,,,,,,
i582,i351,i575,i463,,,,,,,,,
i583,i1819,i163,i907,,,,,,,,,
i584,i1796,i1395,i811,i1376,i128,,,,,,,
i585,i189,i1510,i466,i941,i1791,i812,,,,,,
i586,i846,i805,i1501,i773,i127,i777,,,,,,
i587,i926,,,,,,,,,,,
i588,i772,i961,i46,i1877,i711,,,,,,,
i589,i1163,i1870,,,,,,,,,,
i590,i1050,i1658,i820,i1785,i836,,,,,,,
i591,i1291,i227,i576,i1970,i648,i1583,,,,,,
i592,i269,,,,,,,,,,,
i593,i192,,,,,,,,,,,
i594,i1945,i103,,,,,,,,,,
i595,i488,i46,i1294,i711,i1012,i772,i1907,,,,,
i596,i1310,i1346,i709,,,,,,,,,
i597,i1101,i1574,,,,,,,,,,
i598,i545,i1343,i19,,,,,,,,,
i599,i1342,i307,,,,,,,,,,
i600,i1715,i244,i176,i939,i708,,,,,,,
i601,i1215,i1536,,,,,,,,,,
i602,i1160,i211,,,,,,,,,,
i603,i1646,i1527,i279,i1337,,,,,,,,
i604,i1832,i1183,i1438,i1472,,,,,,,,
i605,i1136,i628,i1069,i840,i1071,i966,i1286,,,,,
i606,i699,i1165,i82,i844,,,,,,,,
i607,i760,i85,i1669,i1482,i1229,i1034,i1344,,,,,
i608,i56,i1496,i1838,i1102,i459,,,,,,,
i609,,,,,,,,,,,,
i610,i860,i267,i102,i1900,,,,,,,,
i611,i1316,i1601,,,,,,,,,,
i612,i351,i1972,i276,,,,,,,,,
i613,i544,i739,i784,i70,i1151,,,,,,,
i614,i865,i1434,,,,,,,,,,
i615,i650,i1422,i1768,,,,,,,,,
i616,i1692,i1392,i896,,,,,,,,,
i617,i1142,i638,i1540,i881,i1973,i917,,,,,,
i618,i905,i728,i35,i395,i814,,,,,,,
i619,i1617,i187,,,,,,,,,,
i620,i1710,i328,i1722,i289,i474,i537,,,,,,
i621,i493,i1237,i1992,i1419,,,,,,,,
i622,i1121,i1157,i1271,,,,,,,,,
i623,i724,i1927,i1465,,,,,,,,,
i624,i879,i1545,i781,,,,,,,,,
i625,i1604,i1936,i1444,i1698,i1256,i1390,,,,,,
i626,i1491,i384,i167,i1244,,,,,,,,
i627,i1774,i194,i96,,,,,,,,,
i628,i573,i1071,i605,i320,i966,i1286,i1243,i1136,i178,i840,,
i629,i691,i1358,i404,,,,,,,,,
i630,i242,i1223,i534,i864,,,,,,,,
i631,i1809,i378,i1072,i84,i1843,i445,i985,i1204,i1734,,,
i632,i1097,i1200,i314,,,,,,,,,
i633,i1867,i1445,,,,,,,,,,
i634,i913,i1178,i739,i784,i372,i843,i70,i1955,,,,
i635,i1245,i1345,i436,i392,,,,,,,,
i636,i1750,i1126,i785,i440,i1834,i1328,,,,,,
i637,i1024,i1118,,,,,,,,,,
i638,i881,i1973,i617,i1842,i917,i331,i1142,,,,,
i639,i535,i1746,i401,i1188,i1397,,,,,,,
i640,i518,i124,i751,i1016,i1823,i1361,i712,i1926,,,,
i641,i1557,i747,i238,i517,i248,i59,,,,,,
i642,i1299,i1253,i1655,,,,,,,,,
i643,i438,i1957,i157,i1124,,,,,,,,
i644,i28,i1023,i1511,,,,,,,,,
i645,i1523,i1383,i1485,,,,,,,,,
i646,i33,i1366,i1441,i1203,i1313,,,,,,,
i647,i712,i16,i1926,i1787,i1823,,,,,,,
i648,i1763,i227,i576,i1583,i591,,,,,,,
i649,i514,i986,,,,,,,,,,
i650,i722,i1176,i1962,i615,,,,,,,,
i651,i906,i185,i866,i94,,,,,,,,
i652,i972,i706,i1051,i1738,,,,,,,,
i653,i1280,i60,i1582,i1218,i196,,,,,,,
i654,i1411,i1246,i1382,i361,i1209,,,,,,,
i655,i1520,i818,i5,i1450,,,,,,,,
i656,i950,i1745,i67,,,,,,,,,
i657,i569,i1250,,,,,,,,,,
i658,i950,i1911,i946,i1629,,,,,,,,
i659,i983,i1117,i1593,i1069,i1136,,,,,,,
i660,i1955,i678,i913,i739,i544,,,,,,,
i661,i420,i1729,,,,,,,,,,
i662,i863,i184,,,,,,,,,,
i663,i1834,i1087,i1126,i1328,,,,,,,,
i664,i526,i1549,i154,i891,i133,,,,,,,
i665,i478,i310,i191,i1887,i1648,,,,,,,
i666,i1693,,,,,,,,,,,
i667,i1943,i1474,,,,,,,,,,
i668,i1056,i1422,i1971,,,,,,,,,
i669,i1168,i990,i1588,i260,i1956,,,,,,,
i670,,,,,,,,,,,,
i671,i1222,i1511,i28,,,,,,,,,
i672,i406,i223,i299,i116,i780,,,,,,,
i673,i46,i1907,,,,,,,,,,
i674,i1615,i1432,i519,,,,,,,,,
i675,i551,i374,i788,i1340,i1495,,,,,,,
i676,i938,i237,,,,,,,,,,
i677,i1685,i1137,,,,,,,,,,
i678,i1955,i660,i913,,,,,,,,,
i679,i1455,i380,i762,i24,i226,i1041,i403,,,,,
i680,i137,i1597,,,,,,,,,,
i681,i742,,,,,,,,,,,
i682,i364,i984,i177,i1638,,,,,,,,
i683,i1833,,,,,,,,,,,
i684,i1577,i731,i293,,,,,,,,,
i685,i758,i1382,i1116,i169,i1815,i1108,i1100,,,,,
i686,i1351,i1088,i1177,,,,,,,,,
i687,i1499,i883,i557,i1447,i1453,i1155,i703,,,,,
i688,i125,i932,i886,i779,,,,,,,,
i689,i1449,i239,i980,i1643,,,,,,,,
i690,i1079,i74,,,,,,,,,,
i691,i629,,,,,,,,,,,
i692,i1942,i865,i1018,i1022,i1453,i1696,,,,,,
i693,i21,,,,,,,,,,,
i694,i1386,i1685,,,,,,,,,,
i695,i1251,i832,i541,i1714,i315,,,,,,,
i696,i309,i882,i1029,i362,,,,,,,,
i697,i1471,i1166,i220,i1091,i1686,i41,i951,i581,i561,,,
i698,i1544,i1701,i1892,,,,,,,,,
i699,i1736,i329,i1165,i606,i142,i547,i844,,,,,
i700,i740,i953,,,,,,,,,,
i701,i567,i1932,i231,i1109,,,,,,,,
i702,i368,i1144,,,,,,,,,,
i703,i1499,i1447,i1508,i687,,,,,,,,
i704,i1378,i1,,,,,,,,,,
i705,i1546,i271,i1384,,,,,,,,,
i706,i1546,i652,i726,i972,,,,,,,,
i707,i1950,i208,i1612,i552,i1747,i558,,,,,,
i708,i1715,i600,i939,,,,,,,,,
i709,i850,i977,i1310,i456,i596,,,,,,,
i710,i1352,i1044,i1941,i1780,,,,,,,,
i711,i1294,i595,i1012,i488,i46,i588,i772,,,,,
i712,i647,i1926,i640,i1062,i1823,i1361,,,,,,
i713,,,,,,,,,,,,
i714,i1869,i1420,i782,i0,i1521,,,,,,,
i715,i530,i292,i1947,i1914,,,,,,,,
i716,i381,i398,i1896,i1302,i1902,,,,,,,
i717,,,,,,,,,,,,
i718,i1744,i121,i810,i1208,,,,,,,,
i719,i1885,i850,,,,,,,,,,
i720,i363,i81,i962,i1423,i969,,,,,,,
i721,i1170,i87,,,,,,,,,,
i722,i650,i1962,i1422,,,,,,,,,
i723,i1770,i1691,i347,i956,,,,,,,,
i724,i875,i1814,i623,,,,,,,,,
i725,i229,i394,i171,,,,,,,,,
i726,i1546,i1310,i706,,,,,,,,,
i727,i1982,i48,i996,,,,,,,,,
i728,i1832,i1415,i618,i905,i970,,,,,,,
i729,i827,i1345,i513,i796,i1394,,,,,,,
i730,i344,i478,i247,,,,,,,,,
i731,i293,i1577,i684,i1560,i99,,,,,,,
i732,i282,i1552,i902,i521,i816,i1182,,,,,,
i733,i1421,i472,i7,,,,,,,,,
i734,i1840,i762,i380,i226,,,,,,,,
i735,i933,i1879,i1550,,,,,,,,,
i736,i104,i218,i1315,,,,,,,,,
i737,i372,i151,i1055,i1946,i843,,,,,,,
i738,i88,,,,,,,,,,,
i739,i784,i634,i372,i70,i1151,i613,i660,i544,i1178,,,
i740,i904,i1161,i953,i700,,,,,,,,
i741,i413,i1991,i1927,i1465,i1303,,,,,,,
i742,i210,i1075,i681,,,,,,,,,
i743,i311,i228,i1105,i1028,,,,,,,,
i744,i160,i1624,i1106,,,,,,,,,
i745,i1700,i214,i255,,,,,,,,,
i746,i1541,i1898,i1226,i1526,,,,,,,,
i747,i517,i248,i641,i1557,i59,,,,,,,
i748,i281,i1746,i1139,i162,i979,,,,,,,
i749,i1553,i1853,i851,i1115,i1968,,,,,,,
i750,i1205,i359,i111,i1564,,,,,,,,
i751,i1081,i1532,i640,i369,i1425,i124,i1361,,,,,
i752,i1887,i1249,,,,,,,,,,
i753,i504,i1941,i491,i838,i1103,i1534,i43,i304,i1429,i1044,,
i754,i1375,i127,i945,i1232,i1065,,,,,,,
i755,i1238,i943,i1437,i759,i1210,i1949,i957,,,,,
i756,i1214,i495,,,,,,,,,,
i757,i1082,i854,i1112,,,,,,,,,
i758,i1116,i685,i49,i1815,i1100,,,,,,,
i759,i1238,i1949,i97,i957,i755,i425,,,,,,
i760,i1669,i607,i1229,i85,,,,,,,,
i761,i1855,i89,i867,i1143,i510,,,,,,,
i762,i226,i734,i403,i679,i380,,,,,,,
i763,i889,,,,,,,,,,,
i764,i1594,,,,,,,,,,,
i765,i1431,i131,i1800,i1512,i1980,,,,,,,
i766,i1596,i515,i529,,,,,,,,,
i767,i500,i451,i1631,i1315,,,,,,,,
i768,i919,i543,,,,,,,,,,
i769,i1869,i1928,,,,,,,,,,
i770,i1818,i1788,i1202,,,,,,,,,
i771,i1156,i507,i1808,i1999,i1054,i813,,,,,,
i772,i46,i588,i1294,i488,i1012,i595,i711,,,,,
i773,i1501,i777,i819,i945,i846,i586,i127,,,,,
i774,i1274,i1483,i1186,i1555,,,,,,,,
i775,i1006,i272,i4,i1684,i115,,,,,,,
i776,i16,i465,i1836,,,,,,,,,
i777,i945,i773,i127,i805,i1501,i586,,,,,,
i778,i160,i1859,i910,i914,i338,i251,,,,,,
i779,i932,i125,i322,i886,i688,,,,,,,
i780,i223,i299,i672,,,,,,,,,
i781,i90,i1545,i1263,i1537,i879,i624,,,,,,
i782,i714,i191,i1869,,,,,,,,,
i783,i1653,i1064,i1174,,,,,,,,,
i784,i1178,i739,i634,i70,i1151,i984,i613,,,,,
i785,i562,i1433,i636,i1328,i1750,,,,,,,
i786,i1963,i1954,i934,,,,,,,,,
i787,i1059,i1049,i1402,i842,i1437,i1329,i434,,,,,
i788,i675,i374,i1340,i389,i551,,,,,,,
i789,i202,i1943,i856,,,,,,,,,
i790,i1974,i1722,,,,,,,,,,
i791,i1085,i1899,i1331,i1925,i23,,,,,,,
i792,i556,i992,i959,,,,,,,,,
i793,i877,i1087,,,,,,,,,,
i794,i1901,i1570,i133,i947,,,,,,,,
i795,,,,,,,,,,,,
i796,i1394,i109,i1345,i827,i1245,i729,i1602,,,,,
i797,,,,,,,,,,,,
i798,i1562,i1404,i1373,i1870,,,,,,,,
i799,i1919,i1788,i1202,,,,,,,,,
i800,i1262,,,,,,,,,,,
i801,i859,i1886,,,,,,,,,,
i802,i929,i928,i1924,i1529,,,,,,,,
i803,i1355,i1665,i1863,i1030,i1618,i173,,,,,,
i804,i1735,,,,,,,,,,,
i805,i586,i777,,,,,,,,,,
i806,i1268,i1424,i1569,i855,i1674,,,,,,,
i807,i1319,i833,i1818,,,,,,,,,
i808,i1359,i1285,i1719,,,,,,,,,
i809,i1571,i1022,i1696,i1942,i1025,i1193,,,,,,
i810,i1221,i1744,i718,i449,,,,,,,,
i811,i128,i313,i584,i1796,,,,,,,,
i812,i466,i924,i1510,i585,i941,i189,,,,,,
i813,i1935,i1122,i1156,i1040,i771,,,,,,,
i814,i35,i395,i618,i471,,,,,,,,
i815,i1181,,,,,,,,,,,
i816,i1552,i732,i1488,i1182,i282,i1636,,,,,,
i817,i1995,i1325,i312,i1937,,,,,,,,
i818,i1520,i1032,i655,i1450,,,,,,,,
i819,i127,i1501,i773,i1868,i846,i1232,i1375,,,,,
i820,i1211,i590,i1658,i1074,,,,,,,,
i821,i1413,i1318,i55,i17,,,,,,,,
i822,i1543,,,,,,,,,,,
i823,i1777,i1020,i1610,,,,,,,,,
i824,i1128,i876,i1714,i1792,i937,,,,,,,
i825,i1878,i929,i1559,i454,,,,,,,,
i826,i154,i891,i1389,i1356,i526,,,,,,,
i827,i1602,i109,i1394,i729,i796,i1345,i1245,,,,,
i828,i1960,i892,i1257,i213,i1458,,,,,,,
i829,i1079,,,,,,,,,,,
i830,i1354,i922,i1519,,,,,,,,,
i831,i496,i12,i467,,,,,,,,,
i832,i695,i541,,,,,,,,,,
i833,i36,i991,i1357,i1190,i524,i807,,,,,,
i834,i1709,i225,i1405,i1175,,,,,,,,
i835,i47,i296,i487,,,,,,,,,
i836,i1050,i150,i590,i1785,,,,,,,,
i837,i1600,i1427,,,,,,,,,,
i838,i1103,i43,i1534,i504,i753,i304,i888,,,,,
i839,i408,i1247,i1770,,,,,,,,,
i840,i573,i1286,i1858,i605,i320,i1136,i628,,,,,
i841,i1171,i185,,,,,,,,,,
i842,i1059,i1049,i1402,i1437,i1329,i787,,,,,,
i843,i1946,i1178,i634,i372,i70,i737,,,,,,
i844,i1282,i547,i337,i1165,i329,i142,i606,i699,,,,
i845,,,,,,,,,,,,
i846,i586,i1232,i1375,i1501,i819,i773,i127,i1868,,,,
i847,i1379,i1393,i1350,,,,,,,,,
i848,i106,i523,i890,,,,,,,,,
i849,i1145,i1755,i1976,,,,,,,,,
i850,i709,i719,i456,i977,,,,,,,,
i851,i1553,i1115,i749,i1968,i1261,,,,,,,
i852,i1647,i1773,i915,,,,,,,,,
i853,i61,i291,i1644,i1548,i1979,i1298,,,,,,
i854,i757,i1082,i1974,,,,,,,,,
i855,i1268,i1424,i1569,i806,i1674,i1013,,,,,,
i856,i202,i11,i789,i1474,,,,,,,,
i857,i1020,i1068,,,,,,,,,,
i858,i1835,i1538,i487,i1102,,,,,,,,
i859,i801,i6,i1324,i1886,,,,,,,,
i860,i1900,i217,i207,i267,i610,i102,i1666,i277,,,,
i861,i1369,i105,i1912,i417,i1725,i1752,,,,,,
i862,i1374,i1706,i1966,,,,,,,,,
i863,i285,i662,i1045,,,,,,,,,
i864,i316,i1223,i1939,i242,i534,i630,,,,,,
i865,i614,i692,i1453,i1434,,,,,,,,
i866,i185,i94,i906,i651,,,,,,,,
i867,i761,i1855,i89,,,,,,,,,
i868,i1353,i1771,,,,,,,,,,
i869,i252,i1759,i1125,,,,,,,,,
i870,i141,i1516,,,,,,,,,,
i871,i361,i1535,i1443,,,,,,,,,
i872,i1556,i245,i1699,i1683,i298,,,,,,,
i873,i1912,i344,i1133,i1236,i1281,,,,,,,
i874,i199,i544,,,,,,,,,,
i875,i724,i1814,i1498,,,,,,,,,
i876,i1702,i824,i1377,i937,i1305,,,,,,,
i877,i793,i1087,,,,,,,,,,
i878,i1445,i424,i170,,,,,,,,,
i879,i624,i1263,i781,,,,,,,,,
i880,i1901,i1999,i1054,i257,i947,i63,i1293,i507,,,,
i881,i638,i1973,i617,i331,i917,i1142,,,,,,
i882,i696,i1029,i181,,,,,,,,,
i883,i557,i687,i1447,i1571,i1155,,,,,,,
i884,i1950,i96,i1612,i1747,i130,,,,,,,
i885,i31,i1019,i1195,i39,i1200,,,,,,,
i886,i932,i688,i779,i1806,,,,,,,,
i887,i1860,i1388,i1227,i1779,,,,,,,,
i888,i1941,i838,i504,i1352,i1044,i43,i1103,i304,i1534,,,
i889,i763,i1110,i1561,i1772,,,,,,,,
i890,i1385,i848,,,,,,,,,,
i891,i133,i826,i1549,i476,i664,i526,i1389,i1356,i154,,,
i892,i1824,i470,i1257,i828,i213,i1458,,,,,,
i893,i1141,i1894,i1853,,,,,,,,,
i894,i1395,i1376,i1568,,,,,,,,,
i895,i264,i1794,i1542,,,,,,,,,
i896,i1692,i1392,i616,i19,,,,,,,,
i897,i1579,i1621,,,,,,,,,,
i898,i33,i1203,,,,,,,,,,
i899,i1287,i1656,,,,,,,,,,
i900,i1265,i1446,i1135,,,,,,,,,
i901,i1695,i1189,i103,i1004,i1581,i14,i45,,,,,
i902,i1182,i1679,i732,,,,,,,,,
i903,i500,i1998,i1644,i1129,i1990,,,,,,,
i904,i273,i1161,i740,,,,,,,,,
i905,i618,i1415,i1543,i970,i728,,,,,,,
i906,i651,i866,i989,,,,,,,,,
i907,i583,i1741,,,,,,,,,,
i908,i191,i310,i1429,i1648,i491,,,,,,,
i909,i179,i1915,i940,,,,,,,,,
i910,i160,i1859,i778,i914,i338,i251,,,,,,
i911,i1287,i1014,i1656,i1965,,,,,,,,
i912,i1789,i982,i1172,i1096,i1194,,,,,,,
i913,i634,i660,i678,i372,i1955,,,,,,,
i914,i251,i910,i778,i160,i338,i1859,,,,,,
i915,i988,i1689,i1647,i852,i506,,,,,,,
i916,i55,i17,,,,,,,,,,
i917,i1540,i1973,i638,i881,i617,i1142,,,,,,
i918,i1292,i964,i1660,i1849,i1939,,,,,,,
i919,i768,i58,i52,,,,,,,,,
i920,i1407,i1359,i1285,i113,,,,,,,,
i921,i1599,i492,i65,i424,i170,,,,,,,
i922,i830,i1494,i1354,i1056,i1519,,,,,,,
i923,i1968,i1553,i1115,,,,,,,,,
i924,i466,i941,i812,i1219,,,,,,,,
i925,i1479,i540,i1830,,,,,,,,,
i926,i587,i997,i286,i300,i1306,,,,,,,
i927,i1384,i271,,,,,,,,,,
i928,i1529,i802,i1144,i368,i1924,,,,,,,
i929,i1878,i802,i1559,i825,i141,i1924,,,,,,
i930,i1197,,,,,,,,,,,
i931,i511,i1127,i565,,,,,,,,,
i932,i779,i125,i886,i688,i322,,,,,,,
i933,i735,i528,i1891,i1550,,,,,,,,
i934,i1963,i1954,i786,,,,,,,,,
i935,i1917,i1786,,,,,,,,,,
i936,i306,i1580,i1756,i1994,,,,,,,,
i937,i1128,i1792,i1377,i876,i824,,,,,,,
i938,i676,i375,i237,i998,i1913,i1609,,,,,,
i939,i176,i600,i1715,i708,,,,,,,,
i940,i1989,i909,,,,,,,,,,
i941,i924,i585,i466,i1510,i812,,,,,,,
i942,i1680,i1682,i1619,i1718,i1063,,,,,,,
i943,i755,i1210,i1949,i1238,,,,,,,,
i944,i1861,i1000,i1035,i152,,,,,,,,
i945,i777,i773,i127,i1501,i754,,,,,,,
i946,i1911,i1629,i658,,,,,,,,,
i947,i257,i1874,i880,i1293,i1901,i1999,i794,i1570,,,,
i948,i349,i1042,i1418,,,,,,,,,
i949,i1578,,,,,,,,,,,
i950,i658,i656,i1745,i67,,,,,,,,
i951,i1091,i1686,i220,i549,i697,,,,,,,
i952,i1335,i1435,i1530,,,,,,,,,
i953,i740,i700,,,,,,,,,,
i954,i1953,i75,i1837,i1309,i356,,,,,,,
i955,i398,i1902,,,,,,,,,,
i956,i1691,i1770,i347,i1620,i723,,,,,,,
i957,i1238,i759,i97,i1949,i1258,i755,,,,,,
i958,i1636,i318,i1488,i1225,,,,,,,,
i959,i792,,,,,,,,,,,
i960,,,,,,,,,,,,
i961,i588,i1877,i1677,,,,,,,,,
i962,i81,i720,i969,i1423,,,,,,,,
i963,i1894,i1464,i1645,i1141,i1605,i332,,,,,,
i964,i1849,i34,i509,i1939,i197,i918,i1292,i341,i1660,,,
i965,i1135,i505,i1921,,,,,,,,,
i966,i1243,i1071,i628,i1790,i1495,i1076,i178,i605,i172,,,
i967,i1929,,,,,,,,,,,
i968,i179,i1915,i391,,,,,,,,,
i969,i962,i363,i485,i81,i720,i1058,,,,,,
i970,i427,i1993,i1543,i1415,i905,i728,,,,,,
i971,i1140,i1111,i1533,,,,,,,,,
i972,i652,i356,i1051,i1738,i1309,i706,,,,,,
i973,i209,i1830,i1554,,,,,,,,,
i974,i1688,i1057,i1443,,,,,,,,,
i975,i1802,i1018,,,,,,,,,,
i976,i418,i100,i1090,i15,i1522,i1889,,,,,,
i977,i709,i456,i850,,,,,,,,,
i978,i577,i1906,i1598,i1169,i8,,,,,,,
i979,i1188,i281,i1746,i748,,,,,,,,
i980,i1816,i123,i1643,i1282,i1449,i689,i239,,,,,
i981,i1905,i230,,,,,,,,,,
i982,i1172,i1096,i1194,i1789,i912,,,,,,,
i983,i473,i659,i1134,i1593,,,,,,,,
i984,i177,i1178,i784,i70,i682,i364,i1151,,,,,
i985,i84,i1809,i1734,i532,i631,,,,,,,
i986,i649,,,,,,,,,,,
i987,i1804,i425,,,,,,,,,,
i988,i1689,i536,i915,i1327,i506,,,,,,,
i989,i221,i165,i906,,,,,,,,,
i990,i1956,i669,i260,i1588,i1168,,,,,,,
i991,i524,i833,i414,i1357,i36,i1190,,,,,,
i992,i1021,i792,i556,,,,,,,,,
i993,i222,,,,,,,,,,,
i994,i1220,i1179,,,,,,,,,,
i995,i520,i1630,i77,,,,,,,,,
i996,i396,i493,i1827,i1982,i727,i1468,,,,,,
i997,i926,i1301,i1876,i286,i300,,,,,,,
i998,i1609,i938,i1836,i1913,,,,,,,,
i999,i1871,i287,,,,,,,,,,
i1000,i944,i152,i1861,i1035,,,,,,,,
i1001,i452,,,,,,,,,,,
i1002,i407,i422,i432,,,,,,,,,
i1003,i275,i1983,i101,i1086,,,,,,,,
i1004,i1558,i901,i1461,i1695,i103,i14,i1189,i45,i444,,,
i1005,i37,i256,,,,,,,,,,
i1006,i775,i555,i272,i1684,i4,i115,,,,,,
i1007,i1430,i419,i1206,,,,,,,,,
i1008,i1848,i1252,i1839,i1147,i1058,i1820,i1060,i1039,,,,
i1009,i1398,i1282,i1514,i1844,,,,,,,,
i1010,i1296,i114,i560,i195,,,,,,,,
i1011,i1278,i102,i1666,i1436,i207,,,,,,,
i1012,i711,i772,i595,i488,i46,i1294,,,,,,
i1013,i855,i1242,,,,,,,,,,
i1014,i911,i1965,,,,,,,,,,
i1015,i323,i1269,i1589,,,,,,,,,
i1016,i640,i518,i373,i1361,,,,,,,,
i1017,i1502,,,,,,,,,,,
i1018,i1434,i692,i1802,i975,,,,,,,,
i1019,i495,i885,i1195,,,,,,,,,
i1020,i857,i823,i1777,,,,,,,,,
i1021,i1380,i233,i992,i556,i1276,,,,,,,
i1022,i809,i1193,i1942,i692,i1696,i1453,,,,,,
i1023,i562,i644,,,,,,,,,,
i1024,i637,i1118,i1560,,,,,,,,,
i1025,i1460,i1696,i809,,,,,,,,,
i1026,i1811,i1416,i1235,i20,,,,,,,,
i1027,i1772,i110,i1084,,,,,,,,,
i1028,i228,i311,i68,i743,,,,,,,,
i1029,i309,i696,i882,,,,,,,,,
i1030,i1863,i1590,i803,i1665,i1944,i173,i1618,,,,,
i1031,i144,i453,i1616,i1207,i1704,i1969,,,,,,
i1032,i818,i536,i1409,,,,,,,,,
i1033,i1358,i1647,i404,,,,,,,,,
i1034,i1626,i1307,i607,i1344,,,,,,,,
i1035,i944,i152,i1000,i1861,,,,,,,,
i1036,i203,i470,i1690,i1513,,,,,,,,
i1037,i284,i1119,i1184,i1430,i429,,,,,,,
i1038,i554,i1448,i1273,i1550,,,,,,,,
i1039,i1848,i1147,i1820,i1008,i365,,,,,,,
i1040,i1935,i1156,i1122,i240,i813,,,,,,,
i1041,i1613,i403,i679,,,,,,,,,
i1042,i1981,i1754,i948,,,,,,,,,
i1043,i1667,i157,,,,,,,,,,
i1044,i1352,i710,i1941,i1103,i888,i1534,i43,i504,i753,i491,,
i1045,i863,i285,,,,,,,,,,
i1046,i1465,i1442,i484,i1138,i1259,i1248,i1991,,,,,
i1047,i1722,,,,,,,,,,,
i1048,i451,i62,,,,,,,,,,
i1049,i842,i1059,i787,i1402,i1258,i1437,i1329,i1803,,,,
i1050,i1785,i590,i836,,,,,,,,,
i1051,i972,i652,,,,,,,,,,
i1052,i1807,i1582,,,,,,,,,,
i1053,i1130,i1586,,,,,,,,,,
i1054,i1293,i63,i1999,i880,i507,i771,i257,i1808,,,,
i1055,i290,i1946,i737,i1958,i1067,,,,,,,
i1056,i668,i1494,i1971,i1519,i922,,,,,,,
i1057,i1443,i974,i1688,,,,,,,,,
i1058,i485,i1252,i1839,i1008,i1820,i1060,i969,,,,,
i1059,i842,i1329,i1049,i787,i1881,i1402,i280,,,,,
i1060,i485,i1252,i1839,i1008,i1058,i1820,,,,,,
i1061,i1198,i1720,i448,i1825,,,,,,,,
i1062,i1926,i712,,,,,,,,,,
i1063,i1718,i1619,i1682,i942,,,,,,,,
i1064,i362,i1566,i783,i1174,,,,,,,,
i1065,i1633,i523,i754,,,,,,,,,
i1066,i1978,,,,,,,,,,,
i1067,i1946,i1638,i1958,i479,i1055,i290,,,,,,
i1068,i857,,,,,,,,,,,
i1069,i1136,i605,i319,i1286,i659,i374,i389,,,,,
i1070,i1083,,,,,,,,,,,
i1071,i178,i628,i1732,i172,i966,i573,i605,i1790,i1243,i1076,i3,
i1072,i200,i112,i159,i1297,i631,i378,i1204,i84,,,,
i1073,i204,i2,,,,,,,,,,
i1074,i313,i820,i201,i69,i1211,,,,,,,
i1075,i210,i1640,i324,i1587,i742,,,,,,,
i1076,i3,i1790,i1243,i178,i1071,i172,i966,i573,i1732,,,
i1077,i386,i1662,i122,i98,i322,,,,,,,
i1078,,,,,,,,,,,,
i1079,i690,i829,,,,,,,,,,
i1080,i1421,i472,i126,i1908,i450,i53,i1694,,,,,
i1081,i369,i751,i124,i1425,,,,,,,,
i1082,i757,i414,i854,,,,,,,,,
i1083,i1070,,,,,,,,,,,
i1084,i1776,i73,i1027,i138,,,,,,,,
i1085,i791,i1908,i1899,i1694,i1925,i1421,,,,,,
i1086,i1983,i1591,i1003,i101,,,,,,,,
i1087,i663,i877,i793,,,,,,,,,
i1088,i686,,,,,,,,,,,
i1089,i1162,i51,,,,,,,,,,
i1090,i976,i100,i1480,,,,,,,,,
i1091,i951,i220,i1166,i697,,,,,,,,
i1092,i489,i268,,,,,,,,,,
i1093,i394,i171,i1673,i1233,i1500,,,,,,,
i1094,i390,i112,i1479,i86,,,,,,,,
i1095,i1199,i1622,i335,,,,,,,,,
i1096,i1113,i1652,i982,i1172,i1148,i912,,,,,,
i1097,i632,i1200,i212,,,,,,,,,
i1098,i1875,i1315,,,,,,,,,,
i1099,i1343,i78,,,,,,,,,,
i1100,i486,i1486,i1289,i49,i80,i758,i1108,i685,,,,
i1101,i597,i1781,i528,,,,,,,,,
i1102,i56,i296,i1838,i608,i487,i858,,,,,,
i1103,i838,i43,i504,i753,i304,i1044,i1941,i888,i1534,,,
i1104,i29,i1440,i1671,,,,,,,,,
i1105,i311,i228,i743,,,,,,,,,
i1106,i152,i1624,i1783,i744,,,,,,,,
i1107,i146,,,,,,,,,,,
i1108,i80,i1486,i1289,i486,i1100,i685,,,,,,
i1109,i1650,i231,i701,i1932,,,,,,,,
i1110,i1532,i889,i1561,,,,,,,,,
i1111,i1533,i971,i1140,,,,,,,,,
i1112,i1524,i414,i1353,i1850,i757,,,,,,,
i1113,i1096,i1652,i1929,i1172,i1888,,,,,,,
i1114,i569,i580,,,,,,,,,,
i1115,i1553,i1853,i851,i1968,i923,i749,,,,,,
i1116,i758,i1815,i685,i169,i1382,,,,,,,
i1117,i659,i455,i1593,i250,i447,i1201,i428,,,,,
i1118,i1024,i1769,i637,,,,,,,,,
i1119,i429,i1037,i1184,i284,,,,,,,,
i1120,i1147,i365,i1657,i1848,i1252,i1839,,,,,,
i1121,i622,,,,,,,,,,,
i1122,i1935,i813,i1156,i1040,,,,,,,,
i1123,i531,,,,,,,,,,,
i1124,i1667,i643,,,,,,,,,,
i1125,i1759,i869,,,,,,,,,,
i1126,i1834,i663,i636,,,,,,,,,
i1127,i931,i1922,,,,,,,,,,
i1128,i1792,i824,i937,,,,,,,,,
i1129,i242,i903,,,,,,,,,,
i1130,i1586,i1053,i1205,,,,,,,,,
i1131,,,,,,,,,,,,
i1132,i230,i358,i1563,i1905,,,,,,,,
i1133,i873,i1281,i1648,,,,,,,,,
i1134,i983,i1489,i250,i437,i428,i1593,i473,,,,,
i1135,i900,i1921,i1446,i965,,,,,,,,
i1136,i389,i605,i1069,i1286,i840,i628,i659,,,,,
i1137,i677,i1386,i1829,i1685,,,,,,,,
i1138,i1259,i1248,i1046,i484,i1442,,,,,,,
i1139,i162,i748,i281,,,,,,,,,
i1140,i971,i1111,i1533,,,,,,,,,
i1141,i893,i1605,i332,i1894,i963,i1645,,,,,,
i1142,i617,i331,i1973,i1842,i638,i881,i917,,,,,
i1143,i761,i1855,i510,i89,,,,,,,,
i1144,i702,i368,i928,i99,,,,,,,,
i1145,i1517,i849,i1755,,,,,,,,,
i1146,i1733,i241,,,,,,,,,,
i1147,i1120,i1848,i1839,i1008,i365,i1039,i1820,,,,,
i1148,i1652,i1172,i435,i1096,,,,,,,,
i1149,,,,,,,,,,,,
i1150,i1551,,,,,,,,,,,
i1151,i739,i784,i70,i613,i984,i1178,,,,,,
i1152,i572,,,,,,,,,,,
i1153,i480,i1317,i1762,i360,i421,i1687,i1270,,,,,
i1154,i98,i1806,,,,,,,,,,
i1155,i1571,i1499,i557,i883,i1447,i687,,,,,,
i1156,i771,i813,i1040,i1122,i1533,,,,,,,
i1157,i622,,,,,,,,,,,
i1158,i1362,i1475,i1633,i1371,,,,,,,,
i1159,i516,i1778,,,,,,,,,,
i1160,i42,i602,,,,,,,,,,
i1161,i904,i740,i273,,,,,,,,,
i1162,i1651,i1089,i51,,,,,,,,,
i1163,i1562,i589,i1373,i1870,,,,,,,,
i1164,i279,i1678,i1337,i1646,,,,,,,,
i1165,i337,i699,i844,i329,i606,i1514,,,,,,
i1166,i697,i1091,,,,,,,,,,
i1167,i1383,i1740,,,,,,,,,,
i1168,i669,i1588,i1956,i990,i260,,,,,,,
i1169,i1906,i8,i1817,i978,,,,,,,,
i1170,i87,i721,i331,,,,,,,,,
i1171,i841,,,,,,,,,,,
i1172,i1888,i1194,i1789,i1148,i982,i1096,i1113,i1652,i1929,i912,,
i1173,i1857,i139,,,,,,,,,,
i1174,i362,i1566,i783,i1064,,,,,,,,
i1175,i1405,i255,i1709,i834,i1700,,,,,,,
i1176,i650,i1482,i1208,i385,i121,,,,,,,
i1177,i579,i686,,,,,,,,,,
i1178,i784,i634,i372,i984,i70,i843,i739,i1151,,,,
i1179,i1220,i994,,,,,,,,,,
i1180,i1568,i1348,i145,i1395,,,,,,,,
i1181,i574,i815,,,,,,,,,,
i1182,i902,i521,i1679,i732,i816,i282,,,,,,
i1183,i1832,i604,i1472,i1438,,,,,,,,
i1184,i1776,i429,i1119,i1037,i284,i249,,,,,,
i1185,i1877,,,,,,,,,,,
i1186,i546,i1707,i774,i1314,i1555,,,,,,,
i1187,i1808,,,,,,,,,,,
i1188,i535,i1746,i401,i979,i639,,,,,,,
i1189,i1581,i901,i1695,i103,i14,i45,i1004,,,,,
i1190,i524,i833,i36,i991,i1357,,,,,,,
i1191,i1478,,,,,,,,,,,
i1192,i1822,,,,,,,,,,,
i1193,i1696,i1453,i1022,i1942,i809,i1571,,,,,,
i1194,i1172,i283,i982,i1789,i912,,,,,,,
i1195,i885,i1019,i464,,,,,,,,,
i1196,i1608,,,,,,,,,,,
i1197,i930,,,,,,,,,,,
i1198,i1720,i1061,i448,i1549,,,,,,,,
i1199,i1622,i1095,i335,i76,,,,,,,,
i1200,i212,i632,i1097,i885,i1708,,,,,,,
i1201,i250,i455,i447,i1295,i428,i1117,,,,,,
i1202,i770,i1788,i799,,,,,,,,,
i1203,i898,i646,i33,,,,,,,,,
i1204,i378,i1961,i84,i1072,i445,i631,,,,,,
i1205,i1217,i750,i1130,,,,,,,,,
i1206,i562,i1430,i419,i1433,i1007,,,,,,,
i1207,i1704,i1969,i1031,i453,i254,,,,,,,
i1208,i1176,i1344,i718,i121,,,,,,,,
i1209,i1382,i169,i654,i1246,,,,,,,,
i1210,i1949,i434,i943,i1238,i1437,i755,,,,,,
i1211,i820,i201,i69,i1074,,,,,,,,
i1212,i89,i301,i510,,,,,,,,,
i1213,i1630,i367,,,,,,,,,,
i1214,i756,i495,,,,,,,,,,
i1215,i601,i1536,i1414,,,,,,,,,
i1216,i66,i241,i1234,,,,,,,,,
i1217,i1564,i1205,i193,,,,,,,,,
i1218,i196,i653,i60,i1851,,,,,,,,
i1219,i579,i924,i1854,i1301,i1876,,,,,,,
i1220,i1179,i994,,,,,,,,,,
i1221,i449,i1368,i810,i1962,,,,,,,,
i1222,i671,i28,i1511,,,,,,,,,
i1223,i864,i630,i242,,,,,,,,,
i1224,i176,i1866,i244,i1681,,,,,,,,
i1225,i1636,i1488,i318,i958,,,,,,,,
i1226,i1541,i1708,i1898,i746,i1526,,,,,,,
i1227,i32,i887,i461,i415,i1779,,,,,,,
i1228,i174,i1503,,,,,,,,,,
i1229,i85,i1344,i760,i607,i1669,i1482,,,,,,
i1230,i1378,i1,i1831,i1813,,,,,,,,
i1231,i1491,i1977,i64,i1481,i129,i1584,,,,,,
i1232,i846,i819,i127,i1375,i754,,,,,,,
i1233,i1397,i1093,i1500,,,,,,,,,
i1234,i1216,i66,i241,,,,,,,,,
i1235,i1026,,,,,,,,,,,
i1236,i1780,i873,i1951,i1281,,,,,,,,
i1237,i621,i1419,i1992,,,,,,,,,
i1238,i97,i957,i755,i759,i1949,i1210,i943,,,,,
i1239,i1450,i1520,i5,,,,,,,,,
i1240,i1801,i1703,i1664,,,,,,,,,
i1241,i1381,,,,,,,,,,,
i1242,i1013,,,,,,,,,,,
i1243,i172,i966,i3,i1076,i628,i1071,i1732,i573,i1790,i178,,
i1244,i384,i167,i1491,i1481,i64,i626,,,,,,
i1245,i635,i1345,i312,i796,i827,,,,,,,
i1246,i654,i1209,,,,,,,,,,
i1247,i408,i839,i1770,,,,,,,,,
i1248,i1259,i1138,i484,i1046,i1442,,,,,,,
i1249,i1764,i752,,,,,,,,,,
i1250,i657,i569,,,,,,,,,,
i1251,i695,,,,,,,,,,,
i1252,i1008,i1058,i1060,i1839,i1848,i1120,i1820,i1657,,,,
i1253,i642,i1299,i1885,i1655,,,,,,,,
i1254,i305,,,,,,,,,,,
i1255,i488,i155,i199,i568,i1294,,,,,,,
i1256,i1604,i1936,i625,i181,i1390,,,,,,,
i1257,i892,i1458,i828,i548,i213,,,,,,,
i1258,i1803,i1049,i957,,,,,,,,,
i1259,i1138,i1442,i1248,i1046,i484,,,,,,,
i1260,i1341,i76,,,,,,,,,,
i1261,i1835,i266,i1452,i153,i851,,,,,,,
i1262,i132,i1879,i800,,,,,,,,,
i1263,i1728,i879,i1865,i781,i90,,,,,,,
i1264,i281,i1572,i9,,,,,,,,,
i1265,i900,,,,,,,,,,,
i1266,i1406,i1918,i324,,,,,,,,,
i1267,i71,i530,i1635,i116,,,,,,,,
i1268,i855,i806,i1674,i1424,i1569,,,,,,,
i1269,i323,i1015,i1589,,,,,,,,,
i1270,i360,i1317,i1687,i1762,i1153,,,,,,,
i1271,i1509,i1632,i622,,,,,,,,,
i1272,,,,,,,,,,,,
i1273,i1038,i483,,,,,,,,,,
i1274,i1483,i774,,,,,,,,,,
i1275,i151,i538,,,,,,,,,,
i1276,i359,i233,i111,i1021,,,,,,,,
i1277,i1507,i1410,i527,i222,,,,,,,,
i1278,i1666,i1011,i207,i1436,i297,,,,,,,
i1279,i1930,i1547,i1649,i13,,,,,,,,
i1280,i653,i1582,i1552,i1807,,,,,,,,
i1281,i344,i1133,i1648,i873,i1236,,,,,,,
i1282,i844,i329,i123,i1514,i980,i1844,i547,i337,i1009,i1816,,
i1283,i42,i317,i1675,i119,,,,,,,,
i1284,i564,,,,,,,,,,,
i1285,i113,i1359,i808,i1407,i920,,,,,,,
i1286,i840,i1136,i628,i1069,i605,,,,,,,
i1287,i899,i911,i1656,,,,,,,,,
i1288,i1909,i166,i216,i508,i473,,,,,,,
i1289,i486,i1100,i1108,i1486,i80,i1964,,,,,,
i1290,i259,,,,,,,,,,,
i1291,i1583,i340,i1970,i591,i434,i1987,i227,,,,,
i1292,i341,i197,i918,i964,i1660,,,,,,,
i1293,i1054,i507,i257,i947,i63,i1901,i1999,i880,,,,
i1294,i711,i772,i595,i1907,i488,i46,i568,i1012,i1255,,,
i1295,i1201,i455,i447,,,,,,,,,
i1296,i1010,i1705,i525,i560,i195,,,,,,,
i1297,i345,i1072,i200,i1505,i112,,,,,,,
i1298,i1548,i61,i1979,i291,i853,,,,,,,
i1299,i1885,i1655,i642,i1253,,,,,,,,
i1300,i533,i517,i416,i423,,,,,,,,
i1301,i1876,i997,i300,i1219,,,,,,,,
i1302,i1988,i1902,i716,i381,i1896,i398,,,,,,
i1303,i413,i1927,i741,,,,,,,,,
i1304,i1931,,,,,,,,,,,
i1305,i1702,i1377,i876,,,,,,,,,
i1306,i286,i300,i926,,,,,,,,,
i1307,i1344,i278,i1034,i1626,,,,,,,,
i1308,i1960,i57,,,,,,,,,,
i1309,i356,i1738,i75,i1953,i954,i147,i972,,,,,
i1310,i596,i709,i726,,,,,,,,,
i1311,i540,,,,,,,,,,,
i1312,i142,i547,i1736,i1737,,,,,,,,
i1313,i1441,i1366,i646,i66,,,,,,,,
i1314,i1707,i1555,i1186,i546,,,,,,,,
i1315,i1631,i1098,i736,i1875,i767,,,,,,,
i1316,i611,i535,,,,,,,,,,
i1317,i480,i1687,i1153,i1270,i360,i421,i1762,,,,,
i1318,i17,i1413,i821,i243,i55,,,,,,,
i1319,i1821,i561,i807,i1818,,,,,,,,
i1320,i1567,i27,i1864,i1748,i107,i79,i1742,,,,,
i1321,i386,i1466,,,,,,,,,,
i1322,i1690,i1505,i345,i559,i330,,,,,,,
i1323,i1661,i320,i1732,i1767,i573,i1858,,,,,,
i1324,i125,i508,i859,i1909,,,,,,,,
i1325,i1937,i817,i1995,i312,,,,,,,,
i1326,i1414,i1536,,,,,,,,,,
i1327,i988,i1409,i536,,,,,,,,,
i1328,i1433,i1834,i785,i663,i636,i1750,,,,,,
i1329,i1059,i1402,i842,i1049,i787,i434,i1437,,,,,
i1330,,,,,,,,,,,,
i1331,i791,,,,,,,,,,,
i1332,i1753,i1487,i1360,i1338,,,,,,,,
i1333,i1386,i1829,,,,,,,,,,
i1334,i1646,i1678,i1497,,,,,,,,,
i1335,i952,i1435,i1934,i1530,,,,,,,,
i1336,i1793,i235,i1916,,,,,,,,,
i1337,i279,i1646,i603,i1164,,,,,,,,
i1338,i1416,i1332,,,,,,,,,,
i1339,i308,i1387,i10,,,,,,,,,
i1340,i675,i788,i374,i551,,,,,,,,
i1341,i1260,i335,i261,,,,,,,,,
i1342,i599,i307,,,,,,,,,,
i1343,i1099,i19,i598,,,,,,,,,
i1344,i1229,i1307,i1208,i1034,i607,,,,,,,
i1345,i1245,i635,i796,i827,i513,i729,i1394,,,,,
i1346,i596,,,,,,,,,,,
i1347,i1686,i549,i1574,,,,,,,,,
i1348,i145,i412,i1180,,,,,,,,,
i1349,i1749,i1364,,,,,,,,,,
i1350,i1379,i1951,i1393,i847,,,,,,,,
i1351,i686,,,,,,,,,,,
i1352,i1044,i710,i888,i43,i504,i1941,,,,,,
i1353,i868,i1112,i1850,i1771,,,,,,,,
i1354,i830,i1519,i1642,i922,,,,,,,,
i1355,i803,i1716,i1863,,,,,,,,,
i1356,i154,i826,i891,i476,i1389,,,,,,,
i1357,i524,i833,i991,i36,i1190,,,,,,,
i1358,i404,i1033,i629,i1773,,,,,,,,
i1359,i808,i1285,i920,i113,i1407,,,,,,,
i1360,i252,i1487,i1753,i1332,,,,,,,,
i1361,i640,i1823,i518,i751,i124,i1016,i1926,i712,,,,
i1362,i1607,i1158,i1371,,,,,,,,,
i1363,i150,i1785,,,,,,,,,,
i1364,i1349,i325,,,,,,,,,,
i1365,i1731,i297,,,,,,,,,,
i1366,i646,i1313,i1441,,,,,,,,,
i1367,,,,,,,,,,,,
i1368,i1221,i449,,,,,,,,,,
i1369,i861,i1725,i105,i417,i1752,,,,,,,
i1370,i460,i1890,i255,i1774,,,,,,,,
i1371,i1475,i1362,i1633,i1158,,,,,,,,
i1372,i494,i1623,i570,,,,,,,,,
i1373,i1870,i1562,i1163,i798,,,,,,,,
i1374,i1649,i862,i1966,,,,,,,,,
i1375,i754,i846,i127,i819,i1232,,,,,,,
i1376,i1395,i894,i1568,i584,,,,,,,,
i1377,i1702,i433,i876,i937,i1305,,,,,,,
i1378,i704,i1230,i1,,,,,,,,,
i1379,i1350,i847,i1393,,,,,,,,,
i1380,i233,i1021,,,,,,,,,,
i1381,i1241,i1996,i1659,i1628,,,,,,,,
i1382,i1209,i1411,i654,i685,i1116,i169,,,,,,
i1383,i645,i1167,,,,,,,,,,
i1384,i271,i705,i927,,,,,,,,,
i1385,i1612,i890,i1950,i1475,,,,,,,,
i1386,i694,i1333,i1137,i1829,i1685,,,,,,,
i1387,i308,i1339,i10,,,,,,,,,
i1388,i887,i1860,,,,,,,,,,
i1389,i154,i826,i891,i526,i1356,,,,,,,
i1390,i1936,i1444,i625,i181,i1256,i108,i1604,,,,,
i1391,i342,i1398,i539,,,,,,,,,
i1392,i616,i19,i896,i1692,,,,,,,,
i1393,i1725,i1951,i1350,i847,i1379,,,,,,,
i1394,i796,i827,i109,i1345,i513,i729,,,,,,
i1395,i894,i1568,i1376,i584,i145,i1180,,,,,,
i1396,i418,i1522,i15,,,,,,,,,
i1397,i1741,i1500,i639,i1233,,,,,,,,
i1398,i342,i1009,i1391,i539,,,,,,,,
i1399,i1723,i1541,i1743,,,,,,,,,
i1400,i565,,,,,,,,,,,
i1401,i224,i410,i129,i1977,i1845,i136,i1584,i1462,,,,
i1402,i842,i1049,i787,i1803,i1329,i1059,,,,,,
i1403,i332,i258,,,,,,,,,,
i1404,i798,,,,,,,,,,,
i1405,i1175,i225,i834,,,,,,,,,
i1406,i1266,i1918,i1587,i324,,,,,,,,
i1407,i920,i113,i1285,i1359,,,,,,,,
i1408,i296,,,,,,,,,,,
i1409,i536,i1565,i1327,i1032,,,,,,,,
i1410,i527,i38,i1277,i411,i78,,,,,,,
i1411,i361,i1382,i654,,,,,,,,,
i1412,i1856,i542,,,,,,,,,,
i1413,i821,i243,i1318,i7,i55,,,,,,,
i1414,i1215,i1326,i1536,,,,,,,,,
i1415,i1993,i728,i1543,i427,i905,i970,,,,,,
i1416,i1026,i1811,i1338,,,,,,,,,
i1417,i1884,i1920,i298,i1699,i205,i1679,i245,i1683,i1903,,,
i1418,i164,i948,,,,,,,,,,
i1419,i1237,i621,,,,,,,,,,
i1420,i714,i0,i1869,i1928,,,,,,,,
i1421,i7,i1080,i472,i126,i733,i1694,i1085,,,,,
i1422,i668,i1768,i615,i722,,,,,,,,
i1423,i720,i962,i363,,,,,,,,,
i1424,i1569,i855,i806,i1268,i1674,i10,,,,,,
i1425,i1532,i369,i751,i124,i1081,,,,,,,
i1426,i393,i1795,,,,,,,,,,
i1427,i1600,i1697,i1889,i837,,,,,,,,
i1428,i182,i1959,,,,,,,,,,
i1429,i304,i908,i1521,i1534,i504,i753,i491,,,,,
i1430,i419,i1206,i1007,i1037,,,,,,,,
i1431,i1827,i765,i1468,i1639,,,,,,,,
i1432,i674,i443,,,,,,,,,,
i1433,i785,i1328,i1750,i562,i1206,,,,,,,
i1434,i1018,i865,i614,,,,,,,,,
i1435,i1335,i952,i1934,,,,,,,,,
i1436,i1666,i1011,i1278,i207,i102,,,,,,,
i1437,i842,i755,i1210,i1049,i787,i434,i1329,,,,,
i1438,i1472,i604,i334,i1183,,,,,,,,
i1439,,,,,,,,,,,,
i1440,i1671,i1842,i1104,,,,,,,,,
i1441,i1313,i646,i1366,,,,,,,,,
i1442,i1046,i1259,i484,i1138,i1248,,,,,,,
i1443,i1938,i1057,i974,i361,i1535,i871,,,,,,
i1444,i402,i236,i1390,i625,i481,i108,i1936,,,,,
i1445,i1451,i170,i424,i878,i633,i1867,,,,,,
i1446,i900,i1135,,,,,,,,,,
i1447,i1499,i557,i883,i703,i687,i1155,,,,,,
i1448,i1038,i1470,i1550,,,,,,,,,
i1449,i689,i1816,i239,i123,i980,i1643,,,,,,
i1450,i5,i1239,i818,i655,i1520,,,,,,,
i1451,i1445,,,,,,,,,,,
i1452,i153,i1261,i266,i1952,,,,,,,,
i1453,i557,i1942,i865,i1193,i692,i1022,i687,,,,,
i1454,i71,i1691,i1739,i1620,i288,,,,,,,
i1455,i226,i679,i24,i380,,,,,,,,
i1456,,,,,,,,,,,,
i1457,i275,i1766,,,,,,,,,,
i1458,i1873,i1513,i1257,i892,i1824,i470,i828,i213,,,,
i1459,,,,,,,,,,,,
i1460,i1025,,,,,,,,,,,
i1461,i14,i45,i1558,i1004,i1945,i444,,,,,,
i1462,i136,i410,i129,i1977,i1845,i1401,i1584,,,,,
i1463,i105,,,,,,,,,,,
i1464,i963,i1605,i158,i1894,,,,,,,,
i1465,i1046,i413,i741,i623,i1927,,,,,,,
i1466,i1321,,,,,,,,,,,
i1467,i1614,i30,,,,,,,,,,
i1468,i1431,i1639,i1982,i1827,i396,i996,,,,,,
i1469,i1997,i485,,,,,,,,,,
i1470,i1448,,,,,,,,,,,
i1471,i561,i697,i41,i1821,i581,,,,,,,
i1472,i334,i1438,i1917,i1183,i604,,,,,,,
i1473,i494,i1623,i1724,,,,,,,,,
i1474,i11,i477,i856,i667,,,,,,,,
i1475,i552,i558,i1158,i1371,i1385,i208,,,,,,
i1476,i492,i1599,i1964,,,,,,,,,
i1477,i91,i1883,,,,,,,,,,
i1478,i1191,,,,,,,,,,,
i1479,i390,i925,i540,i1094,i86,,,,,,,
i1480,i1090,i100,,,,,,,,,,
i1481,i64,i1491,i1231,i1244,,,,,,,,
i1482,i1176,i607,i1229,,,,,,,,,
i1483,i1274,i774,,,,,,,,,,
i1484,,,,,,,,,,,,
i1485,i1523,i1989,i645,,,,,,,,,
i1486,i486,i1964,i1100,i80,i1108,i1289,,,,,,
i1487,i1360,i1332,i252,i1753,,,,,,,,
i1488,i1636,i318,i1225,i816,i958,,,,,,,
i1489,i473,i1134,i250,i437,i428,i1593,,,,,,
i1490,i1539,i1733,i1810,i164,i409,,,,,,,
i1491,i626,i1231,i1584,i1481,i384,i1244,i64,,,,,
i1492,i280,i277,i1881,i321,,,,,,,,
i1493,i1717,,,,,,,,,,,
i1494,i1056,i261,i922,,,,,,,,,
i1495,i675,i966,i551,i374,,,,,,,,
i1496,i608,i459,i161,,,,,,,,,
i1497,i1678,i1646,i1334,i538,,,,,,,,
i1498,i875,i1814,,,,,,,,,,
i1499,i1447,i703,i687,i1155,,,,,,,,
i1500,i1397,i1093,i1233,,,,,,,,,
i1501,i127,i1868,i819,i773,i586,i846,i945,i777,,,,
i1502,i1504,i1017,,,,,,,,,,
i1503,i174,i1228,,,,,,,,,,
i1504,i1502,,,,,,,,,,,
i1505,i1690,i345,i1322,i559,i330,i1297,,,,,,
i1506,i52,i1611,i58,,,,,,,,,
i1507,i1277,i222,,,,,,,,,,
i1508,i146,i703,,,,,,,,,,
i1509,i1632,i1271,,,,,,,,,,
i1510,i189,i1791,i585,i466,i812,i941,,,,,,
i1511,i671,i1222,i644,i28,,,,,,,,
i1512,i131,i765,i63,i1980,,,,,,,,
i1513,i1873,i1458,i1690,i1036,i1824,i470,,,,,,
i1514,i329,i1282,i1844,i1165,i337,i1009,,,,,,
i1515,i313,i69,,,,,,,,,,
i1516,i870,,,,,,,,,,,
i1517,i1145,i336,,,,,,,,,,
i1518,i498,,,,,,,,,,,
i1519,i1056,i1354,i830,i1642,i922,,,,,,,
i1520,i818,i655,i5,i1239,i1450,,,,,,,
i1521,i714,i1429,i0,i274,,,,,,,,
i1522,i1396,i418,i976,i1889,i15,,,,,,,
i1523,i1485,i645,i1557,,,,,,,,,
i1524,i1944,i95,i1112,i1590,,,,,,,,
i1525,i469,,,,,,,,,,,
i1526,i1541,i1898,i746,i1226,,,,,,,,
i1527,i603,i1779,,,,,,,,,,
i1528,i175,i388,i1758,,,,,,,,,
i1529,i928,i1924,i802,,,,,,,,,
i1530,i1335,i952,,,,,,,,,,
i1531,i1873,i1824,,,,,,,,,,
i1532,i1425,i751,i124,i1110,,,,,,,,
i1533,i1111,i971,i1156,i1140,,,,,,,,
i1534,i838,i43,i504,i753,i491,i304,i1429,i1044,i1941,i888,i1103,
i1535,i871,i361,i1938,i1443,,,,,,,,
i1536,i1215,i601,i1414,i1326,,,,,,,,
i1537,i426,i781,i1798,i1545,,,,,,,,
i1538,i1835,i487,i858,,,,,,,,,
i1539,i1490,i409,i1810,,,,,,,,,
i1540,i917,i617,i1833,,,,,,,,,
i1541,i1226,i1526,i746,i1898,i1399,,,,,,,
i1542,i400,i895,i264,,,,,,,,,
i1543,i970,i1415,i1993,i905,i822,i427,,,,,,
i1544,i190,i698,i1892,,,,,,,,,
i1545,i624,i781,i426,i1537,,,,,,,,
i1546,i705,i706,i726,,,,,,,,,
i1547,i13,i1930,i1279,i1649,,,,,,,,
i1548,i1979,i853,i291,i1298,,,,,,,,
i1549,i1720,i664,i891,i476,i1198,,,,,,,
i1550,i1038,i933,i735,i1448,,,,,,,,
i1551,i1150,i542,i302,,,,,,,,,
i1552,i1280,i732,i816,i282,i521,,,,,,,
i1553,i851,i1115,i1968,i923,i749,i1853,,,,,,
i1554,i973,i65,,,,,,,,,,
i1555,i546,i1314,i1707,i774,i1186,,,,,,,
i1556,i872,i245,i1683,i1699,i298,,,,,,,
i1557,i641,i59,i1523,i747,i248,,,,,,,
i1558,i14,i45,i1004,i1461,i444,i1945,,,,,,
i1559,i1878,i929,i546,i825,,,,,,,,
i1560,i293,i1577,i1024,i731,,,,,,,,
i1561,i373,i1772,i889,i1110,,,,,,,,
i1562,i798,i1373,i1163,i425,i1870,,,,,,,
i1563,i1132,,,,,,,,,,,
i1564,i1217,i750,,,,,,,,,,
i1565,i1409,,,,,,,,,,,
i1566,i1064,i1174,i362,,,,,,,,,
i1567,i1864,i79,i1320,i107,i1748,i1742,,,,,,
i1568,i145,i1395,i1376,i1180,i894,,,,,,,
i1569,i1424,i855,i806,i1268,i1674,,,,,,,
i1570,i1901,i794,i947,,,,,,,,,
i1571,i809,i1155,i557,i883,i1193,,,,,,,
i1572,i281,i1264,i162,i9,,,,,,,,
i1573,i58,i1923,i430,i399,,,,,,,,
i1574,i1686,i549,i597,i1347,,,,,,,,
i1575,i1719,,,,,,,,,,,
i1576,,,,,,,,,,,,
i1577,i684,i1560,i731,i99,i293,,,,,,,
i1578,i949,,,,,,,,,,,
i1579,i897,i503,i1621,,,,,,,,,
i1580,i457,i936,i1756,i1978,i306,,,,,,,
i1581,i1189,i1695,i45,i901,,,,,,,,
i1582,i1280,i196,i653,i1052,i1807,i232,,,,,,
i1583,i1291,i1987,i227,i1970,i648,i591,i434,,,,,
i1584,i1977,i1491,i1231,i129,i1401,i1462,,,,,,
i1585,i355,,,,,,,,,,,
i1586,i1130,i1053,,,,,,,,,,
i1587,i1406,i1640,i1075,i1918,i210,i324,,,,,,
i1588,i260,i1168,i669,i1956,i990,i327,i1710,,,,,
i1589,i323,i1015,i1269,,,,,,,,,
i1590,i95,i1944,i173,i1030,i1524,i1665,,,,,,
i1591,i1983,i1766,i1086,,,,,,,,,
i1592,,,,,,,,,,,,
i1593,i428,i659,i473,i1117,i1134,i983,i250,i1489,i437,,,
i1594,i1769,i764,,,,,,,,,,
i1595,i25,i294,i383,,,,,,,,,
i1596,i766,i232,i515,i529,,,,,,,,
i1597,i40,i502,i680,i1711,,,,,,,,
i1598,i978,i358,,,,,,,,,,
i1599,i921,i65,i1476,i492,,,,,,,,
i1600,i1697,i837,i1427,,,,,,,,,
i1601,i292,i611,,,,,,,,,,
i1602,i827,i109,i188,i497,i796,,,,,,,
i1603,i211,,,,,,,,,,,
i1604,i1256,i1936,i625,i181,i1390,,,,,,,
i1605,i1141,i332,i1894,i1464,i1645,i963,,,,,,
i1606,i431,i1673,i394,i171,,,,,,,,
i1607,i1362,,,,,,,,,,,
i1608,i1196,,,,,,,,,,,
i1609,i1836,i1913,i998,i938,i375,,,,,,,
i1610,i1777,i823,,,,,,,,,,
i1611,i58,i1506,,,,,,,,,,
i1612,i558,i1385,i884,i1747,i707,i1950,i130,,,,,
i1613,i1041,,,,,,,,,,,
i1614,i30,i1467,,,,,,,,,,
i1615,i674,i519,,,,,,,,,,
i1616,i144,i1704,i1969,i1031,i453,,,,,,,
i1617,i187,i619,,,,,,,,,,
i1618,i231,i1665,i803,i1030,,,,,,,,
i1619,i157,i1063,i942,i186,,,,,,,,
i1620,i1770,i1691,i956,i1454,,,,,,,,
i1621,i897,i503,i1579,,,,,,,,,
i1622,i1199,i1095,,,,,,,,,,
i1623,i1670,i1372,i570,i494,i1473,,,,,,,
i1624,i1783,i1106,i744,i152,,,,,,,,
i1625,i270,,,,,,,,,,,
i1626,i1034,i278,i1307,,,,,,,,,
i1627,i214,i1729,,,,,,,,,,
i1628,i1659,i1381,,,,,,,,,,
i1629,i946,i658,i1906,i8,,,,,,,,
i1630,i1872,i995,i367,i1213,,,,,,,,
i1631,i1315,i767,i500,,,,,,,,,
i1632,i1509,i1271,,,,,,,,,,
i1633,i1065,i523,i1158,i1371,,,,,,,,
i1634,i468,i1893,i483,i1985,,,,,,,,
i1635,i1267,i530,i116,,,,,,,,,
i1636,i1225,i1488,i958,i816,,,,,,,,
i1637,i216,i1661,i1886,i1767,,,,,,,,
i1638,i1067,i479,i177,i290,i682,,,,,,,
i1639,i1827,i1468,i1431,,,,,,,,,
i1640,i1587,i1075,i1918,i210,i324,,,,,,,
i1641,,,,,,,,,,,,
i1642,i1354,i1519,,,,,,,,,,
i1643,i980,i239,i1449,i689,,,,,,,,
i1644,i61,i853,i903,i1998,i1990,,,,,,,
i1645,i1894,i963,i1605,i332,i1141,,,,,,,
i1646,i1678,i1334,i603,i1337,i1497,i1164,i279,,,,,
i1647,i852,i506,i1033,i915,,,,,,,,
i1648,i310,i908,i1281,i1133,i665,,,,,,,
i1649,i1374,i13,i1547,i1279,i1930,,,,,,,
i1650,i503,i231,i1109,i1932,,,,,,,,
i1651,i1162,,,,,,,,,,,
i1652,i1148,i1096,i1113,i1172,,,,,,,,
i1653,i783,i1765,,,,,,,,,,
i1654,i1817,,,,,,,,,,,
i1655,i1885,i1299,i642,i1253,,,,,,,,
i1656,i1287,i899,i911,,,,,,,,,
i1657,i1839,i1120,i1848,i365,i1252,,,,,,,
i1658,i590,i820,,,,,,,,,,
i1659,i1996,i1381,i1628,,,,,,,,,
i1660,i1849,i34,i1939,i197,i918,i1292,i341,i964,,,,
i1661,i27,i1323,i1637,i1767,i1858,,,,,,,
i1662,i386,i1077,i122,i322,,,,,,,,
i1663,i1749,,,,,,,,,,,
i1664,i1801,i1240,,,,,,,,,,
i1665,i173,i803,i1030,i1618,i1590,,,,,,,
i1666,i1278,i277,i1436,i1011,i207,i102,i321,i860,,,,
i1667,i1043,i157,i1124,,,,,,,,,
i1668,i1701,i1760,,,,,,,,,,
i1669,i760,i607,i1229,i85,,,,,,,,
i1670,i1623,i285,i1724,,,,,,,,,
i1671,i1440,i29,i1104,,,,,,,,,
i1672,i563,i1989,,,,,,,,,,
i1673,i171,i1606,i431,i1093,i394,,,,,,,
i1674,i1268,i1424,i855,i1569,i806,,,,,,,
i1675,i317,i119,i1283,,,,,,,,,
i1676,i397,i522,,,,,,,,,,
i1677,i961,,,,,,,,,,,
i1678,i1646,i1497,i1334,i538,i1164,,,,,,,
i1679,i1699,i902,i521,i1920,i205,i1182,i1417,,,,,
i1680,i942,i1836,i1682,,,,,,,,,
i1681,i1866,i1224,,,,,,,,,,
i1682,i942,i1836,i1063,i1680,i1718,,,,,,,
i1683,i298,i1556,i872,i1417,i1699,i245,i1920,,,,,
i1684,i115,i1006,i775,i272,i4,,,,,,,
i1685,i677,i694,i1386,i1829,i1137,,,,,,,
i1686,i1347,i549,i1574,i951,i220,i697,,,,,,
i1687,i1317,i1762,i1270,i360,i1153,i421,,,,,,
i1688,i974,i1057,,,,,,,,,,
i1689,i988,i506,i536,i915,,,,,,,,
i1690,i1505,i1322,i559,i1513,i1036,i330,,,,,,
i1691,i956,i1739,i1454,i1620,i723,i71,,,,,,
i1692,i616,i896,i1392,,,,,,,,,
i1693,i666,i190,,,,,,,,,,
i1694,i53,i1899,i1421,i1908,i1085,i1925,i1080,,,,,
i1695,i901,i1581,i103,i1189,i14,i45,i1004,,,,,
i1696,i1942,i1193,i809,i1025,i1022,i692,,,,,,
i1697,i1600,i1427,,,,,,,,,,
i1698,i625,,,,,,,,,,,
i1699,i1920,i1679,i872,i245,i1417,i1556,i1683,i298,,,,
i1700,i1890,i745,i255,i1709,i1175,,,,,,,
i1701,i1668,i1892,i698,i516,,,,,,,,
i1702,i1377,i876,i1305,i433,,,,,,,,
i1703,i1967,i475,i1240,,,,,,,,,
i1704,i254,i1207,i144,i1969,i1616,i1031,i453,,,,,
i1705,i1296,i560,i525,i195,i24,,,,,,,
i1706,i1966,i862,,,,,,,,,,
i1707,i1314,i1186,i1555,i1825,,,,,,,,
i1708,i1226,i212,i1200,,,,,,,,,
i1709,i255,i834,i1175,i1700,,,,,,,,
i1710,i474,i537,i327,i620,i289,i1722,i1588,,,,,
i1711,i137,i1597,i40,i182,,,,,,,,
i1712,i234,,,,,,,,,,,
i1713,i422,i206,,,,,,,,,,
i1714,i315,i117,i695,i824,i1792,i541,,,,,,
i1715,i600,i1866,i244,i176,i708,i939,,,,,,
i1716,i1355,i1863,,,,,,,,,,
i1717,i1493,,,,,,,,,,,
i1718,i1063,i942,i1682,,,,,,,,,
i1719,i1575,i808,,,,,,,,,,
i1720,i1549,i1198,i1061,i448,,,,,,,,
i1721,i143,i397,i316,,,,,,,,,
i1722,i474,i620,i790,i1047,i1710,,,,,,,
i1723,i1399,i1742,i1743,,,,,,,,,
i1724,i253,i1473,i1670,i285,,,,,,,,
i1725,i1393,i1369,i861,i105,i1812,,,,,,,
i1726,i211,i405,,,,,,,,,,
i1727,i148,,,,,,,,,,,
i1728,i1263,i1865,i477,,,,,,,,,
i1729,i420,i661,i1627,,,,,,,,,
i1730,i118,i579,,,,,,,,,,
i1731,i1365,i297,,,,,,,,,,
i1732,i178,i1071,i573,i1790,i1323,i320,i1243,i1858,i3,i1076,,
i1733,i164,i1146,i1490,i1810,,,,,,,,
i1734,i84,i985,i159,i532,i631,i1809,,,,,,
i1735,i199,i804,,,,,,,,,,
i1736,i699,i1737,i142,i1312,,,,,,,,
i1737,i1736,i142,i1312,i480,,,,,,,,
i1738,i356,i1309,i75,i147,i972,i652,,,,,,
i1739,i1691,i71,i1454,,,,,,,,,
i1740,i1167,,,,,,,,,,,
i1741,i1397,i907,,,,,,,,,,
i1742,i1748,i107,i1743,i1864,i1723,i1567,i1320,,,,,
i1743,i1742,i1723,i1399,,,,,,,,,
i1744,i718,i810,,,,,,,,,,
i1745,i656,i950,i67,,,,,,,,,
i1746,i1188,i639,i535,i748,i979,,,,,,,
i1747,i130,i1612,i96,i884,i707,i1950,,,,,,
i1748,i1742,i1864,i1567,i79,i1320,i107,,,,,,
i1749,i1349,i1663,,,,,,,,,,
i1750,i636,i562,i1433,i785,i1328,,,,,,,
i1751,,,,,,,,,,,,
i1752,i1912,i417,i861,i1369,,,,,,,,
i1753,i1332,i1360,i1487,,,,,,,,,
i1754,i1981,i1042,,,,,,,,,,
i1755,i849,i1145,i1976,,,,,,,,,
i1756,i1978,i457,i1580,i936,i1994,i306,,,,,,
i1757,i215,,,,,,,,,,,
i1758,i175,i388,i1528,,,,,,,,,
i1759,i39,i1125,i31,i869,,,,,,,,
i1760,i1668,,,,,,,,,,,
i1761,i553,i366,i262,i1979,i291,,,,,,,
i1762,i1687,i1153,i1317,i1270,i360,,,,,,,
i1763,i402,i648,i236,i501,i576,,,,,,,
i1764,i1249,i287,i1783,,,,,,,,,
i1765,i1653,i578,,,,,,,,,,
i1766,i275,i1591,i1457,,,,,,,,,
i1767,i27,i1661,i1637,i1323,,,,,,,,
i1768,i1422,i615,,,,,,,,,,
i1769,i1118,i1594,,,,,,,,,,
i1770,i1620,i956,i723,i347,i408,i839,i1247,,,,,
i1771,i1850,i1353,i868,,,,,,,,,
i1772,i1561,i1027,i889,,,,,,,,,
i1773,i1358,i852,,,,,,,,,,
i1774,i96,i627,i194,i1370,i460,,,,,,,
i1775,i408,,,,,,,,,,,
i1776,i1184,i161,i1084,i73,i249,,,,,,,
i1777,i823,i1610,i1020,,,,,,,,,
i1778,i516,i1159,,,,,,,,,,
i1779,i1527,i887,i1227,i1860,,,,,,,,
i1780,i1236,i710,,,,,,,,,,
i1781,i528,i132,i1101,,,,,,,,,
i1782,i148,i490,,,,,,,,,,
i1783,i1624,i152,i1764,i1106,i287,,,,,,,
i1784,i198,i537,i328,,,,,,,,,
i1785,i1050,i1363,i150,i590,i836,,,,,,,
i1786,i935,i1917,,,,,,,,,,
i1787,i1948,i647,i16,,,,,,,,,
i1788,i770,i1202,i799,,,,,,,,,
i1789,i912,i1172,i283,i982,i1194,,,,,,,
i1790,i1076,i573,i1732,i178,i1071,i172,i966,i1243,i3,,,
i1791,i1510,i189,i585,,,,,,,,,
i1792,i315,i1128,i117,i937,i824,i1714,i1904,,,,,
i1793,i235,i1336,,,,,,,,,,
i1794,i895,i1919,i264,,,,,,,,,
i1795,i1426,i393,,,,,,,,,,
i1796,i584,i69,i128,i313,i811,,,,,,,
i1797,,,,,,,,,,,,
i1798,i90,i1537,,,,,,,,,,
i1799,i188,,,,,,,,,,,
i1800,i133,i765,i154,i526,,,,,,,,
i1801,i1240,i1664,,,,,,,,,,
i1802,i975,i382,i1018,,,,,,,,,
i1803,i1258,i462,i1402,i1049,,,,,,,,
i1804,i987,,,,,,,,,,,
i1805,i246,i539,,,,,,,,,,
i1806,i122,i98,i1154,i886,,,,,,,,
i1807,i1052,i232,i1280,i196,i1582,,,,,,,
i1808,i771,i1187,i1054,,,,,,,,,
i1809,i985,i532,i631,i84,i445,i1734,,,,,,
i1810,i164,i409,i1539,i1490,i1733,,,,,,,
i1811,i1026,i1416,i20,,,,,,,,,
i1812,i1725,,,,,,,,,,,
i1813,i1831,i1230,,,,,,,,,,
i1814,i724,i875,i1498,,,,,,,,,
i1815,i1116,i2,i49,i758,i685,,,,,,,
i1816,i980,i337,i329,i547,i1449,i123,i1282,,,,,
i1817,i1654,i1169,i1906,,,,,,,,,
i1818,i770,i1319,i807,,,,,,,,,
i1819,i583,i247,i163,,,,,,,,,
i1820,i485,i1839,i1008,i1147,i1058,i1039,i1252,i1060,,,,
i1821,i1319,i41,i581,i561,i1471,,,,,,,
i1822,i1192,,,,,,,,,,,
i1823,i1926,i640,i518,i1361,i712,i647,,,,,,
i1824,i213,i892,i1873,i1458,i1513,i470,i1531,,,,,
i1825,i1826,i448,i1874,i1707,i1061,,,,,,,
i1826,i1874,i1825,i1901,,,,,,,,,
i1827,i1431,i1639,i396,i996,i1468,,,,,,,
i1828,i115,i555,i471,,,,,,,,,
i1829,i1386,i1333,i1685,i1137,,,,,,,,
i1830,i209,i973,i925,,,,,,,,,
i1831,i1813,i1230,,,,,,,,,,
i1832,i728,i1183,i604,i395,,,,,,,,
i1833,i683,i1540,,,,,,,,,,
i1834,i663,i1126,i1328,i636,,,,,,,,
i1835,i1261,i858,i1538,,,,,,,,,
i1836,i1609,i1682,i998,i1680,i776,,,,,,,
i1837,i1953,i954,i319,,,,,,,,,
i1838,i608,i1102,i56,,,,,,,,,
i1839,i1657,i1848,i1008,i1147,i1058,i1252,i1820,i1060,i1120,,,
i1840,i221,i734,,,,,,,,,,
i1841,i1916,i354,i235,,,,,,,,,
i1842,i638,i1440,i331,i1142,,,,,,,,
i1843,i445,i631,,,,,,,,,,
i1844,i1514,i1282,i337,i502,i1009,,,,,,,
i1845,i136,i224,i410,i1401,i1462,,,,,,,
i1846,,,,,,,,,,,,
i1847,i514,i274,,,,,,,,,,
i1848,i1008,i1147,i1039,i1839,i365,i1252,i1120,i1657,,,,
i1849,i964,i1660,i34,i918,i1939,i509,i341,i242,,,,
i1850,i1771,i414,i1112,i1353,i524,,,,,,,
i1851,i196,i232,i1218,,,,,,,,,
i1852,i458,i135,i381,i1988,,,,,,,,
i1853,i1115,i1968,i1553,i749,i893,,,,,,,
i1854,i1876,i1219,,,,,,,,,,
i1855,i761,i867,i1143,,,,,,,,,
i1856,i542,i1412,,,,,,,,,,
i1857,i1173,i571,,,,,,,,,,
i1858,i320,i840,i573,i1732,i1323,i1661,,,,,,
i1859,i68,i482,i910,i778,i160,i441,i914,,,,,
i1860,i887,i1388,i1779,,,,,,,,,
i1861,i944,i1000,i1035,,,,,,,,,
i1862,i571,i22,i120,i83,,,,,,,,
i1863,i173,i803,i1030,i1355,i1716,,,,,,,
i1864,i1567,i1748,i79,i1320,i27,i107,i1742,,,,,
i1865,i1728,i477,i1263,,,,,,,,,
i1866,i1681,i244,i1715,i176,i1224,,,,,,,
i1867,i633,i424,i1445,,,,,,,,,
i1868,i1501,i819,i222,i846,,,,,,,,
i1869,i714,i0,i1420,i769,i1928,i782,,,,,,
i1870,i1373,i589,i1163,i798,i1562,,,,,,,
i1871,i287,i999,,,,,,,,,,
i1872,i1630,i168,i566,,,,,,,,,
i1873,i1458,i1513,i1531,i1824,i559,,,,,,,
i1874,i1826,i1825,i947,i1901,,,,,,,,
i1875,i1098,i1315,,,,,,,,,,
i1876,i1301,i997,i1854,i1219,,,,,,,,
i1877,i1185,i961,i588,,,,,,,,,
i1878,i929,i1559,i825,i454,,,,,,,,
i1879,i735,i1262,i132,,,,,,,,,
i1880,i567,,,,,,,,,,,
i1881,i1492,i1059,i280,,,,,,,,,
i1882,i214,,,,,,,,,,,
i1883,i91,i1477,,,,,,,,,,
i1884,i1920,i1417,i1903,i205,i1921,,,,,,,
i1885,i719,i1299,i1655,i1253,,,,,,,,
i1886,i801,i859,i1637,i1909,,,,,,,,
i1887,i310,i191,i665,i752,,,,,,,,
i1888,i1172,i1929,i1113,,,,,,,,,
i1889,i15,i1522,i1427,i418,i100,i976,,,,,,
i1890,i1700,i1370,i255,i460,,,,,,,,
i1891,i95,i933,,,,,,,,,,
i1892,i1701,i698,i1544,,,,,,,,,
i1893,i1985,i1634,i468,,,,,,,,,
i1894,i963,i1141,i1645,i893,i1605,i332,i1464,,,,,
i1895,i350,i346,,,,,,,,,,
i1896,i716,i1902,i398,i1302,,,,,,,,
i1897,i305,i60,,,,,,,,,,
i1898,i1541,i1526,i746,i1226,,,,,,,,
i1899,i791,i1925,i1085,i1694,i1908,,,,,,,
i1900,i860,i217,i267,i102,i610,,,,,,,
i1901,i880,i1570,i794,i257,i947,i1826,i1293,i1874,,,,
i1902,i398,i1302,i1896,i955,i716,,,,,,,
i1903,i1920,i1884,i205,i1417,,,,,,,,
i1904,i117,i1792,,,,,,,,,,
i1905,i981,i230,i1132,,,,,,,,,
i1906,i8,i1169,i978,i1817,i1629,,,,,,,
i1907,i46,i1294,i595,i673,,,,,,,,
i1908,i1085,i1080,i1694,i53,i1925,i1899,,,,,,
i1909,i1288,i508,i216,i1886,i1324,i166,,,,,,
i1910,i149,i229,i219,,,,,,,,,
i1911,i946,i658,,,,,,,,,,
i1912,i873,i1752,i1951,i861,i417,,,,,,,
i1913,i1609,i938,i375,i998,i237,,,,,,,
i1914,i1947,i292,i715,i530,,,,,,,,
i1915,i909,i968,,,,,,,,,,
i1916,i235,i1841,i1336,,,,,,,,,
i1917,i935,i1786,i1472,,,,,,,,,
i1918,i1406,i1640,i1266,i1587,i324,,,,,,,
i1919,i1794,i799,,,,,,,,,,
i1920,i1699,i1903,i1884,i205,i1417,i1679,i245,i298,i1683,,,
i1921,i505,i1135,i965,i1884,,,,,,,,
i1922,i1127,,,,,,,,,,,
i1923,i1573,i399,,,,,,,,,,
i1924,i802,i454,i1529,i928,i929,,,,,,,
i1925,i1899,i791,i1908,i1085,i1694,,,,,,,
i1926,i1823,i712,i1062,i647,i1361,i640,,,,,,
i1927,i413,i741,i1303,i623,i1465,,,,,,,
i1928,i1869,i1420,i769,,,,,,,,,
i1929,i967,i1113,i1888,i1172,,,,,,,,
i1930,i13,i1547,i1279,i1649,,,,,,,,
i1931,i1304,,,,,,,,,,,
i1932,i231,i701,i1109,i1650,,,,,,,,
i1933,,,,,,,,,,,,
i1934,i1335,i1435,,,,,,,,,,
i1935,i813,i1122,i1040,,,,,,,,,
i1936,i1390,i1604,i481,i1256,i108,i625,i236,i1444,,,,
i1937,i312,i1325,i1995,i817,,,,,,,,
i1938,i1443,i1535,,,,,,,,,,
i1939,i242,i964,i1660,i864,i34,i1849,i534,i918,,,,
i1940,,,,,,,,,,,,
i1941,i43,i888,i504,i753,i1044,i710,i1534,i1103,i1352,,,
i1942,i1453,i1696,i692,i1022,i1193,i809,,,,,,
i1943,i789,i667,,,,,,,,,,
i1944,i1524,i1590,i95,i173,i1030,,,,,,,
i1945,i594,i14,i1461,i1558,i103,,,,,,,
i1946,i1067,i151,i843,i1958,i1055,i290,i737,,,,,
i1947,i1914,i292,i715,,,,,,,,,
i1948,i334,i1787,,,,,,,,,,
i1949,i1210,i943,i1238,i759,i97,i957,i755,,,,,
i1950,i707,i884,i558,i1385,i130,i1612,i1747,,,,,
i1951,i1350,i1912,i1393,i1236,,,,,,,,
i1952,i158,i416,i423,i1452,,,,,,,,
i1953,i954,i356,i1837,i1309,i75,,,,,,,
i1954,i786,i934,i1963,i314,,,,,,,,
i1955,i660,i678,i372,i634,i913,,,,,,,
i1956,i990,i260,i1168,i1588,i669,,,,,,,
i1957,i438,i643,i23,,,,,,,,,
i1958,i1067,i1946,i1055,i290,,,,,,,,
i1959,i182,i1428,i40,,,,,,,,,
i1960,i828,i1308,,,,,,,,,,
i1961,i1204,i5,i378,,,,,,,,,
i1962,i650,i722,i1221,,,,,,,,,
i1963,i786,i934,i1954,,,,,,,,,
i1964,i407,i1486,i486,i1476,i492,i1289,,,,,,
i1965,i1014,i911,,,,,,,,,,
i1966,i1706,i1374,i862,,,,,,,,,
i1967,i1703,i72,,,,,,,,,,
i1968,i923,i1553,i1853,i1115,i851,i749,,,,,,
i1969,i254,i1207,i1704,i1616,i1031,i453,,,,,,
i1970,i1291,i135,i1987,i340,i227,i1583,i591,,,,,
i1971,i668,i1056,,,,,,,,,,
i1972,i57,i351,i612,,,,,,,,,
i1973,i638,i881,i917,i617,i331,i1142,,,,,,
i1974,i790,i328,i854,,,,,,,,,
i1975,i343,,,,,,,,,,,
i1976,i849,i1755,,,,,,,,,,
i1977,i136,i1584,i410,i1231,i129,i1401,i1462,,,,,
i1978,i1756,i457,i1580,i1066,,,,,,,,
i1979,i366,i1548,i853,i291,i1298,i553,i1761,,,,,
i1980,i63,i131,i765,i1512,,,,,,,,
i1981,i1754,i1042,,,,,,,,,,
i1982,i727,i1468,i996,i48,,,,,,,,
i1983,i1086,i1591,i1003,i101,,,,,,,,
i1984,i519,,,,,,,,,,,
i1985,i1893,i483,i1634,,,,,,,,,
i1986,i489,,,,,,,,,,,
i1987,i227,i340,i1583,i1970,i434,i1291,,,,,,
i1988,i1302,i458,i381,i1852,,,,,,,,
i1989,i940,i1485,i1672,,,,,,,,,
i1990,i1998,i1644,i903,,,,,,,,,
i1991,i413,i741,i1046,,,,,,,,,
i1992,i93,i48,i1237,i621,i273,,,,,,,
i1993,i970,i1415,i1543,i427,,,,,,,,
i1994,i306,i1756,i936,,,,,,,,,
i1995,i817,i1937,i312,i1325,,,,,,,,
i1996,i1381,i1659,,,,,,,,,,
i1997,i1469,i485,i81,,,,,,,,,
i1998,i903,i1990,i1644,,,,,,,,,
i1999,i880,i1054,i507,i771,i257,i947,i1293,,,,,
